player,position,team,age,birth_year,minutes_90s,goals,shots,shots_on_target,shots_on_target_pct,shots_per90,shots_on_target_per90,goals_per_shot,goals_per_shot_on_target,average_shot_distance,shots_free_kicks,pens_made,pens_att,xg,npxg,npxg_per_shot,xg_net,npxg_net
Aaron Mooy,MF,Australia,32-087,1990,4.0,0,1,0,0.0,0.25,0.00,0.00,,29.1,0,0,0,0.0,0.0,0.05,0.0,0.0
Aaron Ramsey,MF,Wales,31-350,1990,3.0,0,1,0,0.0,0.34,0.00,0.00,,18.0,0,0,0,0.0,0.0,0.04,0.0,0.0
Abdelhamid Sabiri,MF,Morocco,26-013,1996,1.5,0,3,0,0.0,1.99,0.00,0.00,,34.2,1,0,0,0.1,0.1,0.04,-0.1,-0.1
Abdelkarim Hassan,DF,Qatar,29-105,1993,3.0,0,6,0,0.0,2.00,0.00,0.00,,23.6,0,0,0,0.3,0.3,0.05,-0.3,-0.3
Abderrazak Hamdallah,FW,Morocco,31-359,1990,0.5,0,1,1,100.0,2.09,2.09,0.00,0.00,11.2,0,0,0,0.1,0.1,0.06,-0.1,-0.1
Abdessamad Ezzalzouli,FW,Morocco,20-359,2001,0.9,0,0,0,,0.00,0.00,,,,0,0,0,0.0,0.0,,0.0,0.0
Abdou Diallo,DF,Senegal,26-221,1996,3.7,0,1,0,0.0,0.27,0.00,0.00,,15.4,0,0,0,0.0,0.0,0.03,0.0,0.0
Abdul Fatawu Issahaku,FW,Ghana,18-278,2004,0.0,0,0,0,,0.00,0.00,,,,0,0,0,0.0,0.0,,0.0,0.0
Abdulaziz Hatem,MF,Qatar,32-044,1990,2.2,0,1,1,100.0,0.46,0.46,0.00,0.00,27.4,0,0,0,0.0,0.0,0.02,0.0,0.0
Abdulelah Al-Amri,DF,Saudi Arabia,25-330,1997,2.0,0,1,0,0.0,0.49,0.00,0.00,,10.5,0,0,0,0.1,0.1,0.07,-0.1,-0.1
Abdulellah Al-Malki,MF,Saudi Arabia,28-061,1994,1.9,0,2,0,0.0,1.03,0.00,0.00,,21.1,0,0,0,0.1,0.1,0.06,-0.1,-0.1
Abdullah Madu,DF,Saudi Arabia,29-149,1993,0.5,0,0,0,,0.00,0.00,,,,0,0,0,0.0,0.0,,0.0,0.0
Abdulrahman Al-Aboud,MF,Saudi Arabia,27-193,1995,0.4,0,1,0,0.0,2.57,0.00,0.00,,4.6,0,0,0,0.1,0.1,0.07,-0.1,-0.1
Abolfazl Jalali,DF,IR Iran,24-168,1998,0.2,0,0,0,,0.00,0.00,,,,0,0,0,0.0,0.0,,0.0,0.0
Achraf Dari,DF,Morocco,23-219,1999,0.4,0,0,0,,0.00,0.00,,,,0,0,0,0.0,0.0,,0.0,0.0
Achraf Hakimi,DF,Morocco,24-037,1998,5.0,0,3,1,33.3,0.60,0.20,0.00,0.00,26.1,1,0,0,0.1,0.1,0.03,-0.1,-0.1
Adrien Rabiot,MF,France,27-252,1995,4.3,1,8,3,37.5,1.86,0.70,0.13,0.33,13.3,0,0,0,1.0,1.0,0.12,0.0,0.0
Agustín Canobbio,MF,Uruguay,24-071,1998,0.1,0,0,0,,0.00,0.00,,,,0,0,0,0.0,0.0,,0.0,0.0
Ahmad Nourollahi,MF,IR Iran,29-312,1993,2.5,0,5,1,20.0,2.02,0.40,0.00,0.00,29.2,0,0,0,0.1,0.1,0.02,-0.1,-0.1
Ahmed Alaaeldin,FW,Qatar,29-314,1993,0.1,0,0,0,,0.00,0.00,,,,0,0,0,0.0,0.0,,0.0,0.0
Aimen Dahmen,GK,Tunisia,25-317,1997,3.0,0,0,0,,0.00,0.00,,,,0,0,0,0.0,0.0,,0.0,0.0
Ajdin Hrustic,MF,Australia,26-159,1996,0.7,0,1,0,0.0,1.45,0.00,0.00,,22.4,0,0,0,0.0,0.0,0.03,0.0,0.0
Akram Afif,FW,Qatar,26-023,1996,3.0,0,2,0,0.0,0.67,0.00,0.00,,29.8,0,0,0,0.0,0.0,0.02,0.0,0.0
Alan Franco,MF,Ecuador,24-112,1998,0.5,0,0,0,,0.00,0.00,,,,0,0,0,0.0,0.0,,0.0,0.0
Alejandro Balde,DF,Spain,19-054,2003,1.4,0,1,0,0.0,0.71,0.00,0.00,,11.3,0,0,0,0.0,0.0,0.05,0.0,0.0
Aleksandar Mitrović,FW,Serbia,28-086,1994,2.9,2,10,3,30.0,3.44,1.03,0.20,0.67,14.1,0,0,0,1.6,1.6,0.16,+0.4,+0.4
Alex Sandro,DF,Brazil,31-319,1991,2.1,0,1,0,0.0,0.47,0.00,0.00,,33.5,0,0,0,0.0,0.0,0.03,0.0,0.0
Alex Telles,DF,Brazil,29-361,1992,0.7,0,0,0,,0.00,0.00,,,,0,0,0,0.0,0.0,,0.0,0.0
Alexander Bah,DF,Denmark,25-002,1997,0.5,0,2,0,0.0,3.91,0.00,0.00,,19.3,0,0,0,0.1,0.1,0.03,-0.1,-0.1
Alexander Djiku,DF,Ghana,28-124,1994,1.1,0,0,0,,0.00,0.00,,,,0,0,0,0.0,0.0,,0.0,0.0
Alexis Mac Allister,MF,Argentina,23-352,1998,3.9,1,2,2,100.0,0.51,0.51,0.50,0.50,14.4,0,0,0,0.3,0.3,0.16,+0.7,+0.7
Alexis Vega,FW,Mexico,25-016,1997,2.1,0,9,2,22.2,4.20,0.93,0.00,0.00,21.0,1,0,0,0.8,0.8,0.09,-0.8,-0.8
Ali Abdi,DF,Tunisia,28-356,1993,2.1,0,0,0,,0.00,0.00,,,,0,0,0,0.0,0.0,,0.0,0.0
Ali Al Hassan,MF,Saudi Arabia,25-282,1997,0.5,0,1,0,0.0,2.00,0.00,0.00,,10.4,0,0,0,0.1,0.1,0.07,-0.1,-0.1
Ali Al-Bulaihi,DF,Saudi Arabia,33-020,1989,2.4,0,0,0,,0.00,0.00,,,,0,0,0,0.0,0.0,,0.0,0.0
Ali Assadalla,MF,Qatar,29-326,1993,0.3,0,0,0,,0.00,0.00,,,,0,0,0,0.0,0.0,,0.0,0.0
Ali Gholizadeh,MF,IR Iran,26-276,1996,2.2,0,1,0,0.0,0.45,0.00,0.00,,26.2,0,0,0,0.0,0.0,0.03,0.0,0.0
Ali Karimi,MF,IR Iran,28-303,1994,1.1,0,0,0,,0.00,0.00,,,,0,0,0,0.0,0.0,,0.0,0.0
Ali Maâloul,DF,Tunisia,32-344,1990,1.0,0,0,0,,0.00,0.00,,,,0,0,0,0.0,0.0,,0.0,0.0
Alidu Seidu,DF,Ghana,22-190,2000,1.7,0,1,0,0.0,0.58,0.00,0.00,,31.9,0,0,0,0.0,0.0,0.01,0.0,0.0
Alireza Beiranvand,GK,IR Iran,30-081,1992,1.2,0,0,0,,0.00,0.00,,,,0,0,0,0.0,0.0,,0.0,0.0
Alireza Jahanbakhsh,MF,IR Iran,29-122,1993,0.7,0,3,0,0.0,4.58,0.00,0.00,,22.9,0,0,0,0.2,0.2,0.06,-0.2,-0.2
Alisson,GK,Brazil,30-070,1992,4.2,0,0,0,,0.00,0.00,,,,0,0,0,0.0,0.0,,0.0,0.0
Alistair Johnston,DF,Canada,24-064,1998,3.0,0,2,1,50.0,0.67,0.33,0.00,0.00,8.5,0,0,0,0.8,0.8,0.40,-0.8,-0.8
Almoez Ali,FW,Qatar,26-114,1996,2.5,0,3,1,33.3,1.21,0.40,0.00,0.00,16.4,0,0,0,0.4,0.4,0.12,-0.4,-0.4
Alphonso Davies,MF,Canada,22-039,2000,3.0,1,3,1,33.3,1.00,0.33,0.33,1.00,21.0,1,0,1,1.1,0.3,0.09,-0.1,+0.7
Amadou Onana,MF,Belgium,21-117,2001,1.2,0,2,0,0.0,1.73,0.00,0.00,,8.3,0,0,0,0.5,0.5,0.23,-0.5,-0.5
Andre-Frank Zambo Anguissa,MF,Cameroon,27-025,1995,2.9,0,1,1,100.0,0.35,0.35,0.00,0.00,11.2,0,0,0,0.1,0.1,0.06,-0.1,-0.1
Andreas Christensen,DF,Denmark,26-245,1996,3.0,1,2,1,50.0,0.67,0.33,0.50,1.00,5.9,0,0,0,0.4,0.4,0.18,+0.6,+0.6
Andreas Cornelius,FW,Denmark,29-270,1993,1.0,0,5,2,40.0,4.89,1.96,0.00,0.00,10.2,0,0,0,1.0,1.0,0.20,-1.0,-1.0
Andreas Skov Olsen,FW,Denmark,22-347,1999,1.5,0,4,1,25.0,2.73,0.68,0.00,0.00,14.6,0,0,0,0.2,0.2,0.06,-0.2,-0.2
Andrej Kramarić,FW,Croatia,31-175,1991,3.8,2,9,3,33.3,2.36,0.79,0.22,0.67,15.6,0,0,0,1.6,1.6,0.17,+0.4,+0.4
Andries Noppert,GK,Netherlands,28-248,1994,5.3,0,0,0,,0.00,0.00,,,,0,0,0,0.0,0.0,,0.0,0.0
Andrija Živković,DF,Serbia,26-153,1996,2.3,0,1,0,0.0,0.43,0.00,0.00,,24.4,0,0,0,0.1,0.1,0.06,-0.1,-0.1
André Ayew,MF,Ghana,32-359,1989,2.2,1,1,1,100.0,0.45,0.45,1.00,1.00,17.3,0,0,1,1.1,0.4,0.36,-0.1,+0.6
André Onana,GK,Cameroon,26-253,1996,0.9,0,0,0,,0.00,0.00,,,,0,0,0,0.0,0.0,,0.0,0.0
André Silva,FW,Portugal,27-035,1995,0.3,0,0,0,,0.00,0.00,,,,0,0,0,0.0,0.0,,0.0,0.0
Andrés Guardado,MF,Mexico,36-074,1986,0.5,0,0,0,,0.00,0.00,,,,0,0,0,0.0,0.0,,0.0,0.0
Anis Ben Slimane,MF,Tunisia,21-270,2001,1.6,0,1,1,100.0,0.61,0.61,0.00,0.00,9.6,0,0,0,0.1,0.1,0.11,-0.1,-0.1
Ansu Fati,FW,Spain,20-041,2002,0.5,0,0,0,,0.00,0.00,,,,0,0,0,0.0,0.0,,0.0,0.0
Ante Budimir,FW,Croatia,31-142,1991,0.6,0,1,0,0.0,1.64,0.00,0.00,,10.8,0,0,0,0.2,0.2,0.18,-0.2,-0.2
Anthony Contreras,FW,Costa Rica,22-316,2000,1.4,0,0,0,,0.00,0.00,,,,0,0,0,0.0,0.0,,0.0,0.0
Antoine Griezmann,MF,France,31-265,1991,4.2,0,6,2,33.3,1.43,0.48,0.00,0.00,17.6,1,0,0,0.7,0.7,0.11,-0.7,-0.7
Antoine Semenyo,FW,Ghana,22-338,2000,0.2,0,1,0,0.0,4.50,0.00,0.00,,13.5,0,0,0,0.0,0.0,0.05,0.0,0.0
Antonee Robinson,DF,United States,25-125,1997,4.0,0,0,0,,0.00,0.00,,,,0,0,0,0.0,0.0,,0.0,0.0
Antonio Rüdiger,DF,Germany,29-283,1993,3.0,0,6,1,16.7,2.00,0.33,0.00,0.00,17.4,0,0,0,0.8,0.8,0.13,-0.8,-0.8
Antony,FW,Brazil,22-290,2000,1.9,0,6,2,33.3,3.14,1.05,0.00,0.00,22.2,0,0,0,0.2,0.2,0.04,-0.2,-0.2
António Silva,DF,Portugal,19-042,2003,1.0,0,0,0,,0.00,0.00,,,,0,0,0,0.0,0.0,,0.0,0.0
Ao Tanaka,MF,Japan,24-092,1998,1.9,1,1,1,100.0,0.53,0.53,1.00,1.00,1.5,0,0,0,1.0,1.0,0.96,0.0,0.0
Ardon Jasari,FW,Switzerland,20-134,2002,0.0,0,0,0,,0.00,0.00,,,,0,0,0,0.0,0.0,,0.0,0.0
Arkadiusz Milik,FW,Poland,28-286,1994,1.1,0,1,0,0.0,0.89,0.00,0.00,,9.0,0,0,0,0.2,0.2,0.25,-0.2,-0.2
Artur Jędrzejczyk,DF,Poland,35-037,1987,0.2,0,0,0,,0.00,0.00,,,,0,0,0,0.0,0.0,,0.0,0.0
Asiri Haitham,FW,Saudi Arabia,21-261,2001,0.0,0,0,0,,0.00,0.00,,,,0,0,0,0.0,0.0,,0.0,0.0
Assim Madibo,MF,Qatar,26-050,1996,1.7,0,0,0,,0.00,0.00,,,,0,0,0,0.0,0.0,,0.0,0.0
Atiba Hutchinson,MF,Canada,39-306,1983,1.8,0,2,0,0.0,1.13,0.00,0.00,,16.8,0,0,0,0.1,0.1,0.06,-0.1,-0.1
Aurélien Tchouaméni,MF,France,22-318,2000,4.6,1,5,2,40.0,1.09,0.44,0.20,0.50,23.4,0,0,0,0.3,0.3,0.06,+0.7,+0.7
Awer Mabil,MF,Australia,27-087,1995,0.3,0,0,0,,0.00,0.00,,,,0,0,0,0.0,0.0,,0.0,0.0
Axel Disasi,DF,France,24-275,1998,1.0,0,1,0,0.0,0.99,0.00,0.00,,9.6,0,0,0,0.1,0.1,0.07,-0.1,-0.1
Axel Witsel,MF,Belgium,33-333,1989,3.0,0,1,0,0.0,0.33,0.00,0.00,,32.2,0,0,0,0.0,0.0,0.02,0.0,0.0
Ayase Ueda,FW,Japan,24-092,1998,0.5,0,0,0,,0.00,0.00,,,,0,0,0,0.0,0.0,,0.0,0.0
Aymeric Laporte,DF,Spain,28-198,1994,3.3,0,1,0,0.0,0.30,0.00,0.00,,13.6,0,0,0,0.0,0.0,0.03,0.0,0.0
Aziz Behich,DF,Australia,31-360,1990,4.0,0,2,0,0.0,0.50,0.00,0.00,,16.4,0,0,0,0.1,0.1,0.06,-0.1,-0.1
Azzedine Ounahi,MF,Morocco,22-236,2000,4.9,0,2,0,0.0,0.41,0.00,0.00,,31.4,0,0,0,0.1,0.1,0.03,-0.1,-0.1
Aïssa Laïdouni,MF,Tunisia,25-363,1996,2.7,0,2,0,0.0,0.74,0.00,0.00,,9.8,0,0,0,0.1,0.1,0.07,-0.1,-0.1
Baba Rahman,DF,Ghana,28-162,1994,2.0,0,0,0,,0.00,0.00,,,,0,0,0,0.0,0.0,,0.0,0.0
Badr Banoun,DF,Morocco,29-072,1993,0.3,0,0,0,,0.00,0.00,,,,0,0,0,0.0,0.0,,0.0,0.0
Bailey Wright,DF,Australia,30-136,1992,0.2,0,0,0,,0.00,0.00,,,,0,0,0,0.0,0.0,,0.0,0.0
Bamba Dieng,FW,Senegal,22-263,2000,1.1,1,4,1,25.0,3.60,0.90,0.25,1.00,16.3,1,0,0,0.5,0.5,0.12,+0.5,+0.5
Bartosz Bereszyński,DF,Poland,30-152,1992,3.8,0,0,0,,0.00,0.00,,,,0,0,0,0.0,0.0,,0.0,0.0
Bassam Al-Rawi,DF,Qatar,24-360,1997,1.0,0,0,0,,0.00,0.00,,,,0,0,0,0.0,0.0,,0.0,0.0
Ben Davies,DF,Wales,29-231,1993,2.6,0,3,2,66.7,1.13,0.76,0.00,0.00,12.1,0,0,0,0.3,0.3,0.12,-0.3,-0.3
Benjamin Pavard,DF,France,26-258,1996,1.0,0,0,0,,0.00,0.00,,,,0,0,0,0.0,0.0,,0.0,0.0
Bernardo Silva,MF,Portugal,28-123,1994,4.0,0,1,0,0.0,0.25,0.00,0.00,,10.7,0,0,0,0.2,0.2,0.18,-0.2,-0.2
Borna Barišić,DF,Croatia,30-031,1992,1.3,0,1,0,0.0,0.75,0.00,0.00,,24.8,0,0,0,0.0,0.0,0.02,0.0,0.0
Borna Sosa,DF,Croatia,24-324,1998,4.2,0,2,0,0.0,0.47,0.00,0.00,,28.4,0,0,0,0.1,0.1,0.03,-0.1,-0.1
Boualem Khoukhi,DF,Qatar,32-155,1990,3.0,0,0,0,,0.00,0.00,,,,0,0,0,0.0,0.0,,0.0,0.0
Boulaye Dia,FW,Senegal,26-025,1996,3.5,1,8,3,37.5,2.26,0.85,0.13,0.33,14.2,0,0,0,0.7,0.7,0.09,+0.3,+0.3
Brandon Aguilera,MF,Costa Rica,19-166,2003,1.0,0,0,0,,0.00,0.00,,,,0,0,0,0.0,0.0,,0.0,0.0
Breel Embolo,FW,Switzerland,25-300,1997,3.6,2,6,3,50.0,1.67,0.84,0.33,0.67,10.5,0,0,0,2.3,2.3,0.38,-0.3,-0.3
Brenden Aaronson,MF,United States,22-050,2000,1.2,0,1,0,0.0,0.83,0.00,0.00,,4.9,0,0,0,0.1,0.1,0.07,-0.1,-0.1
Brennan Johnson,FW,Wales,21-202,2001,1.0,0,3,1,33.3,2.97,0.99,0.00,0.00,14.6,0,0,0,0.2,0.2,0.07,-0.2,-0.2
Bruno Fernandes,FW,Portugal,28-094,1994,4.0,2,7,2,28.6,1.77,0.51,0.14,0.50,24.5,0,1,1,1.1,0.3,0.05,+0.9,+0.7
Bruno Guimarães,MF,Brazil,25-025,1997,0.8,0,5,2,40.0,6.52,2.61,0.00,0.00,12.4,0,0,0,0.7,0.7,0.14,-0.7,-0.7
Bruno Petković,FW,Croatia,28-086,1994,1.9,1,1,1,100.0,0.54,0.54,1.00,1.00,16.2,0,0,0,0.1,0.1,0.12,+0.9,+0.9
Bryan Mbeumo,FW,Cameroon,23-126,1999,2.6,0,2,2,100.0,0.77,0.77,0.00,0.00,11.3,0,0,0,0.2,0.2,0.10,-0.2,-0.2
Bryan Oviedo,DF,Costa Rica,32-296,1990,2.9,0,0,0,,0.00,0.00,,,,0,0,0,0.0,0.0,,0.0,0.0
Bryan Ruiz,MF,Costa Rica,37-115,1985,0.3,0,0,0,,0.00,0.00,,,,0,0,0,0.0,0.0,,0.0,0.0
Bukayo Saka,FW,England,21-097,2001,3.2,3,7,5,71.4,2.19,1.56,0.43,0.60,14.9,0,0,0,0.6,0.6,0.09,+2.4,+2.4
Callum Wilson,FW,England,30-287,1992,0.5,0,0,0,,0.00,0.00,,,,0,0,0,0.0,0.0,,0.0,0.0
Cameron Carter-Vickers,DF,United States,24-345,1997,1.0,0,0,0,,0.00,0.00,,,,0,0,0,0.0,0.0,,0.0,0.0
Carlos Gruezo,MF,Ecuador,27-236,1995,0.5,0,0,0,,0.00,0.00,,,,0,0,0,0.0,0.0,,0.0,0.0
Carlos Martínez,DF,Costa Rica,23-256,1999,0.5,0,0,0,,0.00,0.00,,,,0,0,0,0.0,0.0,,0.0,0.0
Carlos Soler,MF,Spain,25-343,1997,1.0,1,4,1,25.0,3.91,0.98,0.25,1.00,17.3,1,0,0,0.5,0.5,0.13,+0.5,+0.5
Casemiro,MF,Brazil,30-291,1992,4.3,1,9,3,33.3,2.08,0.69,0.11,0.33,26.0,1,0,0,0.4,0.4,0.05,+0.6,+0.6
Celso Borges,MF,Costa Rica,34-198,1988,2.8,0,0,0,,0.00,0.00,,,,0,0,0,0.0,0.0,,0.0,0.0
Charles De Ketelaere,FW,Belgium,21-276,2001,0.2,0,0,0,,0.00,0.00,,,,0,0,0,0.0,0.0,,0.0,0.0
Charly Rodríguez,MF,Mexico,25-342,1997,0.4,0,0,0,,0.00,0.00,,,,0,0,0,0.0,0.0,,0.0,0.0
Cheikhou Kouyaté,MF,Senegal,32-355,1989,0.8,0,0,0,,0.00,0.00,,,,0,0,0,0.0,0.0,,0.0,0.0
Cho Guesung,FW,Korea Republic,24-320,1998,3.1,2,9,5,55.6,2.95,1.64,0.22,0.40,11.4,0,0,0,1.1,1.1,0.12,+0.9,+0.9
Cho Yumin,FW,Korea Republic,26-024,1996,0.0,0,0,0,,0.00,0.00,,,,0,0,0,0.0,0.0,,0.0,0.0
Chris Mepham,DF,Wales,25-036,1997,3.0,0,0,0,,0.00,0.00,,,,0,0,0,0.0,0.0,,0.0,0.0
Christian Bassogog,MF,Cameroon,27-054,1995,0.3,0,0,0,,0.00,0.00,,,,0,0,0,0.0,0.0,,0.0,0.0
Christian Eriksen,MF,Denmark,30-300,1992,3.0,0,4,1,25.0,1.33,0.33,0.00,0.00,27.2,0,0,0,0.2,0.2,0.04,-0.2,-0.2
Christian Fassnacht,FW,Switzerland,29-030,1993,0.1,0,1,1,100.0,11.25,11.25,0.00,0.00,14.8,0,0,0,0.2,0.2,0.23,-0.2,-0.2
Christian Nørgaard,MF,Denmark,28-276,1994,0.1,0,0,0,,0.00,0.00,,,,0,0,0,0.0,0.0,,0.0,0.0
Christian Pulisic,FW,United States,24-084,1998,3.5,1,9,5,55.6,2.57,1.43,0.11,0.20,17.9,0,0,0,1.1,1.1,0.12,-0.1,-0.1
Christopher Wooh,DF,Cameroon,21-084,2001,1.0,0,1,0,0.0,1.00,0.00,0.00,,15.1,0,0,0,0.0,0.0,0.04,0.0,0.0
Cody Gakpo,FW,Netherlands,23-218,1999,5.0,3,5,3,60.0,1.00,0.60,0.60,1.00,19.9,0,0,0,0.3,0.3,0.06,+2.7,+2.7
Collins Fai,DF,Cameroon,30-120,1992,3.0,0,1,0,0.0,0.33,0.00,0.00,,27.9,0,0,0,0.0,0.0,0.02,0.0,0.0
Connor Roberts,DF,Wales,27-079,1995,2.2,0,0,0,,0.00,0.00,,,,0,0,0,0.0,0.0,,0.0,0.0
Craig Goodwin,MF,Australia,30-360,1991,2.6,1,2,1,50.0,0.77,0.38,0.50,1.00,16.1,0,0,0,0.3,0.3,0.14,+0.7,+0.7
Cristian Romero,DF,Argentina,24-228,1998,3.7,0,0,0,,0.00,0.00,,,,0,0,0,0.0,0.0,,0.0,0.0
Cristiano Ronaldo,FW,Portugal,37-309,1985,3.2,1,10,2,20.0,3.10,0.62,0.00,0.00,21.0,2,1,1,1.6,0.8,0.08,-0.6,-0.8
Cyle Larin,FW,Canada,27-238,1995,1.5,0,3,1,33.3,1.97,0.66,0.00,0.00,11.3,0,0,0,0.2,0.2,0.08,-0.2,-0.2
César Azpilicueta,DF,Spain,33-105,1989,1.5,0,0,0,,0.00,0.00,,,,0,0,0,0.0,0.0,,0.0,0.0
César Montes,DF,Mexico,25-290,1997,3.0,0,1,0,0.0,0.33,0.00,0.00,,13.0,0,0,0,0.2,0.2,0.18,-0.2,-0.2
Daichi Kamada,FW,Japan,26-128,1996,3.6,0,6,1,16.7,1.68,0.28,0.00,0.00,17.5,1,0,0,0.6,0.6,0.11,-0.6,-0.6
Daizen Maeda,FW,Japan,25-052,1997,2.0,1,2,1,50.0,1.00,0.50,0.50,1.00,9.5,0,0,0,0.5,0.5,0.24,+0.5,+0.5
Daley Blind,DF,Netherlands,32-277,1990,4.7,1,5,2,40.0,1.06,0.43,0.20,0.50,12.3,0,0,0,0.4,0.4,0.08,+0.6,+0.6
Damian Szymański,MF,Poland,27-178,1995,0.3,0,0,0,,0.00,0.00,,,,0,0,0,0.0,0.0,,0.0,0.0
Dani Alves,DF,Brazil,39-219,1983,1.3,0,3,0,0.0,2.29,0.00,0.00,,21.9,1,0,0,0.2,0.2,0.06,-0.2,-0.2
Dani Carvajal,DF,Spain,30-334,1992,1.5,0,0,0,,0.00,0.00,,,,0,0,0,0.0,0.0,,0.0,0.0
Dani Olmo,FW,Spain,24-218,1998,4.1,1,12,6,50.0,2.94,1.47,0.08,0.17,21.4,0,0,0,1.4,1.4,0.12,-0.4,-0.4
Daniel Amartey,DF,Ghana,27-355,1994,2.8,0,1,0,0.0,0.36,0.00,0.00,,5.7,0,0,0,0.2,0.2,0.23,-0.2,-0.2
Daniel Chacón,MF,Costa Rica,21-244,2001,0.0,0,0,0,,0.00,0.00,,,,0,0,0,0.0,0.0,,0.0,0.0
Daniel James,FW,Wales,25-031,1997,1.7,0,0,0,,0.00,0.00,,,,0,0,0,0.0,0.0,,0.0,0.0
Daniel Kyereh,MF,Ghana,26-278,1996,0.4,0,0,0,,0.00,0.00,,,,0,0,0,0.0,0.0,,0.0,0.0
Danilo,DF,Brazil,31-149,1991,3.1,0,2,0,0.0,0.64,0.00,0.00,,27.7,0,0,0,0.0,0.0,0.02,0.0,0.0
Danilo Pereira,DF,Portugal,31-093,1991,1.0,0,0,0,,0.00,0.00,,,,0,0,0,0.0,0.0,,0.0,0.0
Danny Ward,GK,Wales,29-172,1993,1.0,0,0,0,,0.00,0.00,,,,0,0,0,0.0,0.0,,0.0,0.0
Darko Lazović,DF,Serbia,32-087,1990,0.3,0,1,0,0.0,3.60,0.00,0.00,,27.3,0,0,0,0.0,0.0,0.01,0.0,0.0
Darwin Núñez,FW,Uruguay,23-170,1999,2.7,0,3,1,33.3,1.13,0.37,0.00,0.00,22.4,0,0,0,0.4,0.4,0.13,-0.4,-0.4
David Raum,DF,Germany,24-233,1998,2.7,0,0,0,,0.00,0.00,,,,0,0,0,0.0,0.0,,0.0,0.0
David Wotherspoon,MF,Canada,32-329,1990,0.2,0,0,0,,0.00,0.00,,,,0,0,0,0.0,0.0,,0.0,0.0
Davy Klaassen,MF,Netherlands,29-293,1993,2.1,1,2,1,50.0,0.95,0.47,0.50,1.00,9.9,0,0,0,0.2,0.2,0.12,+0.8,+0.8
Dayot Upamecano,DF,France,24-045,1998,4.0,0,1,0,0.0,0.25,0.00,0.00,,9.7,0,0,0,0.0,0.0,0.05,0.0,0.0
DeAndre Yedlin,DF,United States,29-155,1993,0.4,0,0,0,,0.00,0.00,,,,0,0,0,0.0,0.0,,0.0,0.0
Declan Rice,MF,England,23-331,1999,4.6,0,0,0,,0.00,0.00,,,,0,0,0,0.0,0.0,,0.0,0.0
Dejan Lovren,DF,Croatia,33-159,1989,5.7,0,1,0,0.0,0.18,0.00,0.00,,9.6,0,0,0,0.1,0.1,0.11,-0.1,-0.1
Denis Odoi,DF,Ghana,34-198,1988,0.1,0,0,0,,0.00,0.00,,,,0,0,0,0.0,0.0,,0.0,0.0
Denis Zakaria,MF,Switzerland,26-021,1996,0.7,0,1,0,0.0,1.53,0.00,0.00,,25.4,0,0,0,0.0,0.0,0.05,0.0,0.0
Denzel Dumfries,DF,Netherlands,26-237,1996,5.3,1,1,1,100.0,0.19,0.19,1.00,1.00,8.7,0,0,0,0.4,0.4,0.38,+0.6,+0.6
Devis Epassy,GK,Cameroon,29-312,1993,2.0,0,0,0,,0.00,0.00,,,,0,0,0,0.0,0.0,,0.0,0.0
Diego Godín,DF,Uruguay,36-298,1986,1.7,0,1,0,0.0,0.60,0.00,0.00,,10.6,0,0,0,0.1,0.1,0.06,-0.1,-0.1
Diogo Costa,GK,Portugal,23-083,1999,5.0,0,0,0,,0.00,0.00,,,,0,0,0,0.0,0.0,,0.0,0.0
Diogo Dalot,DF,Portugal,23-268,1999,2.9,0,1,1,100.0,0.35,0.35,0.00,0.00,29.8,0,0,0,0.0,0.0,0.04,0.0,0.0
Djibril Sow,MF,Switzerland,25-308,1997,2.9,0,2,0,0.0,0.68,0.00,0.00,,15.6,0,0,0,0.2,0.2,0.08,-0.2,-0.2
Djorkaeff Reasco,FW,Ecuador,23-327,1999,0.3,0,0,0,,0.00,0.00,,,,0,0,0,0.0,0.0,,0.0,0.0
Dominik Livaković,GK,Croatia,27-336,1995,5.7,0,0,0,,0.00,0.00,,,,0,0,0,0.0,0.0,,0.0,0.0
Dries Mertens,MF,Belgium,35-219,1987,0.8,0,3,1,33.3,3.55,1.18,0.00,0.00,14.7,0,0,0,0.8,0.8,0.27,-0.8,-0.8
Dušan Tadić,MF,Serbia,34-021,1988,2.9,0,1,0,0.0,0.35,0.00,0.00,,13.3,0,0,0,0.1,0.1,0.08,-0.1,-0.1
Dušan Vlahović,FW,Serbia,22-317,2000,0.9,1,3,3,100.0,3.42,3.42,0.33,0.33,10.9,0,0,0,0.8,0.8,0.27,+0.2,+0.2
Dylan Bronn,DF,Tunisia,27-175,1995,1.8,0,1,0,0.0,0.56,0.00,0.00,,17.8,0,0,0,0.1,0.1,0.07,-0.1,-0.1
Eden Hazard,MF,Belgium,31-338,1991,1.4,0,1,1,100.0,0.73,0.73,0.00,0.00,18.7,0,0,0,0.1,0.1,0.05,-0.1,-0.1
Ederson,GK,Brazil,29-116,1993,1.0,0,0,0,,0.00,0.00,,,,0,0,0,0.0,0.0,,0.0,0.0
Edimilson Fernandes,FW,Switzerland,26-240,1996,1.6,0,1,0,0.0,0.62,0.00,0.00,,24.2,0,0,0,0.0,0.0,0.03,0.0,0.0
Edinson Cavani,FW,Uruguay,35-300,1987,1.4,0,3,0,0.0,2.18,0.00,0.00,,13.8,0,0,0,0.3,0.3,0.10,-0.3,-0.3
Edouard Mendy,GK,Senegal,30-285,1992,4.0,0,0,0,,0.00,0.00,,,,0,0,0,0.0,0.0,,0.0,0.0
Edson Álvarez,MF,Mexico,25-048,1997,1.9,0,1,1,100.0,0.51,0.51,0.00,0.00,33.1,0,0,0,0.0,0.0,0.02,0.0,0.0
Eduardo Camavinga,DF,France,20-031,2002,1.0,0,0,0,,0.00,0.00,,,,0,0,0,0.0,0.0,,0.0,0.0
Ehsan Hajsafi,MF,IR Iran,32-289,1990,2.6,0,1,0,0.0,0.38,0.00,0.00,,14.4,0,0,0,0.2,0.2,0.16,-0.2,-0.2
Ellyes Skhiri,MF,Tunisia,27-215,1995,3.0,0,2,0,0.0,0.67,0.00,0.00,,22.5,0,0,0,0.1,0.1,0.03,-0.1,-0.1
Emiliano Martínez,GK,Argentina,30-100,1992,5.3,0,0,0,,0.00,0.00,,,,0,0,0,0.0,0.0,,0.0,0.0
Enner Valencia,FW,Ecuador,33-037,1989,2.8,3,8,3,37.5,2.82,1.06,0.25,0.67,18.9,1,1,1,2.3,1.5,0.19,+0.7,+0.5
Enzo Ebosse,DF,Cameroon,23-275,1999,1.0,0,0,0,,0.00,0.00,,,,0,0,0,0.0,0.0,,0.0,0.0
Enzo Fernández,MF,Argentina,21-328,2001,3.9,1,5,1,20.0,1.27,0.25,0.20,1.00,23.1,0,0,0,0.2,0.2,0.03,+0.8,+0.8
Eray Cömert,DF,Switzerland,24-310,1998,0.5,0,0,0,,0.00,0.00,,,,0,0,0,0.0,0.0,,0.0,0.0
Eric Dier,DF,England,28-330,1994,0.4,0,0,0,,0.00,0.00,,,,0,0,0,0.0,0.0,,0.0,0.0
Eric Maxim Choupo-Moting,FW,Cameroon,33-263,1989,2.8,1,3,2,66.7,1.07,0.71,0.33,0.50,9.1,0,0,0,0.8,0.8,0.28,+0.2,+0.2
Erick Gutiérrez,MF,Mexico,27-179,1995,0.5,0,0,0,,0.00,0.00,,,,0,0,0,0.0,0.0,,0.0,0.0
Ethan Ampadu,MF,Wales,22-088,2000,2.8,0,1,0,0.0,0.35,0.00,0.00,,32.4,0,0,0,0.0,0.0,0.04,0.0,0.0
Everton Ribeiro,MF,Brazil,33-245,1989,0.4,0,0,0,,0.00,0.00,,,,0,0,0,0.0,0.0,,0.0,0.0
Exequiel Palacios,MF,Argentina,24-067,1998,0.4,0,1,0,0.0,2.73,0.00,0.00,,16.3,0,0,0,0.1,0.1,0.07,-0.1,-0.1
Fabian Frei,MF,Switzerland,33-337,1989,0.3,0,0,0,,0.00,0.00,,,,0,0,0,0.0,0.0,,0.0,0.0
Fabian Rieder,FW,Switzerland,20-298,2002,0.8,0,0,0,,0.00,0.00,,,,0,0,0,0.0,0.0,,0.0,0.0
Fabian Schär,DF,Switzerland,30-356,1991,1.5,0,2,0,0.0,1.33,0.00,0.00,,16.7,0,0,0,0.1,0.1,0.07,-0.1,-0.1
Fabinho,MF,Brazil,29-049,1993,1.0,0,0,0,,0.00,0.00,,,,0,0,0,0.0,0.0,,0.0,0.0
Facundo Pellistri,MF,Uruguay,20-356,2001,2.0,0,1,0,0.0,0.50,0.00,0.00,,11.5,0,0,0,0.2,0.2,0.17,-0.2,-0.2
Famara Diedhiou,FW,Senegal,29-361,1992,1.0,1,3,1,33.3,2.93,0.98,0.33,1.00,9.1,0,0,0,0.2,0.2,0.07,+0.8,+0.8
Federico Valverde,MF,Uruguay,24-142,1998,3.0,0,7,1,14.3,2.33,0.33,0.00,0.00,33.0,0,0,0,0.2,0.2,0.02,-0.2,-0.2
Ferjani Sassi,MF,Tunisia,30-268,1992,0.5,0,1,0,0.0,1.87,0.00,0.00,,33.3,0,0,0,0.0,0.0,0.02,0.0,0.0
Ferrán Torres,FW,Spain,22-285,2000,2.4,2,3,1,33.3,1.24,0.41,0.33,1.00,17.1,0,1,1,1.0,0.2,0.08,+1.0,+0.8
Filip Kostić,DF,Serbia,30-040,1992,2.0,0,1,0,0.0,0.50,0.00,0.00,,18.3,0,0,0,0.0,0.0,0.02,0.0,0.0
Filip Mladenović,DF,Serbia,31-118,1991,0.7,0,1,0,0.0,1.38,0.00,0.00,,10.7,0,0,0,0.0,0.0,0.02,0.0,0.0
Filip Đuričić,MF,Serbia,30-315,1992,0.2,0,0,0,,0.00,0.00,,,,0,0,0,0.0,0.0,,0.0,0.0
Firas Al-Buraikan,MF,Saudi Arabia,22-211,2000,3.0,0,2,0,0.0,0.67,0.00,0.00,,15.4,0,0,0,0.1,0.1,0.06,-0.1,-0.1
Fodé Ballo-Touré,DF,Senegal,25-342,1997,0.1,0,0,0,,0.00,0.00,,,,0,0,0,0.0,0.0,,0.0,0.0
Fran Karačić,DF,Australia,26-213,1996,1.0,0,3,0,0.0,2.90,0.00,0.00,,26.1,0,0,0,0.2,0.2,0.06,-0.2,-0.2
Francisco Calvo,DF,Costa Rica,30-156,1992,2.0,0,1,0,0.0,0.50,0.00,0.00,,28.8,0,0,0,0.0,0.0,0.01,0.0,0.0
Fred,MF,Brazil,29-281,1993,1.6,0,3,1,33.3,1.90,0.63,0.00,0.00,18.3,0,0,0,0.3,0.3,0.11,-0.3,-0.3
Frenkie de Jong,MF,Netherlands,25-213,1997,5.3,1,2,1,50.0,0.38,0.19,0.50,1.00,14.2,0,0,0,0.9,0.9,0.44,+0.1,+0.1
Félix Torres Caicedo,DF,Ecuador,25-334,1997,3.0,0,1,0,0.0,0.33,0.00,0.00,,8.5,0,0,0,0.1,0.1,0.12,-0.1,-0.1
Gabriel Jesus,FW,Brazil,25-252,1997,1.0,0,2,1,50.0,1.94,0.97,0.00,0.00,8.8,0,0,0,0.4,0.4,0.18,-0.4,-0.4
Garang Kuol,FW,Australia,18-087,2004,0.4,0,1,1,100.0,2.43,2.43,0.00,0.00,9.6,0,0,0,0.4,0.4,0.38,-0.4,-0.4
Gareth Bale,FW,Wales,33-148,1989,2.5,1,1,1,100.0,0.40,0.40,0.00,0.00,46.6,0,1,1,0.8,0.0,0.02,+0.2,0.0
Gavi,MF,Spain,18-128,2004,3.2,1,1,1,100.0,0.32,0.32,1.00,1.00,17.6,0,0,0,0.1,0.1,0.14,+0.9,+0.9
Gaël Ondoua,MF,Cameroon,27-037,1995,0.5,0,0,0,,0.00,0.00,,,,0,0,0,0.0,0.0,,0.0,0.0
Georges-Kévin N'Koudou,FW,Cameroon,27-301,1995,0.3,0,1,1,100.0,3.33,3.33,0.00,0.00,26.6,1,0,0,0.0,0.0,0.04,0.0,0.0
Germán Pezzella,DF,Argentina,31-167,1991,0.6,0,1,0,0.0,1.64,0.00,0.00,,10.0,0,0,0,0.1,0.1,0.07,-0.1,-0.1
Gerson Torres,MF,Costa Rica,25-105,1997,0.7,0,1,0,0.0,1.41,0.00,0.00,,30.8,0,0,0,0.0,0.0,0.01,0.0,0.0
Ghaylène Chaalali,MF,Tunisia,28-286,1994,0.2,0,0,0,,0.00,0.00,,,,0,0,0,0.0,0.0,,0.0,0.0
Gideon Mensah,DF,Ghana,24-146,1998,1.0,0,0,0,,0.00,0.00,,,,0,0,0,0.0,0.0,,0.0,0.0
Gio Reyna,FW,United States,20-028,2002,0.6,0,2,0,0.0,3.40,0.00,0.00,,20.9,0,0,0,0.1,0.1,0.03,-0.1,-0.1
Giorgian De Arrascaeta,MF,Uruguay,28-193,1994,1.2,2,3,3,100.0,2.50,2.50,0.67,0.67,9.6,0,0,0,1.2,1.2,0.40,+0.8,+0.8
Gleison Bremer,DF,Brazil,25-268,1997,1.2,0,1,0,0.0,0.83,0.00,0.00,,5.5,0,0,0,0.2,0.2,0.17,-0.2,-0.2
Gonzalo Montiel,DF,Argentina,25-344,1997,1.0,0,0,0,,0.00,0.00,,,,0,0,0,0.0,0.0,,0.0,0.0
Gonzalo Plata,MF,Ecuador,22-040,2000,3.0,0,2,1,50.0,0.67,0.33,0.00,0.00,15.2,0,0,0,0.1,0.1,0.07,-0.1,-0.1
Gonçalo Ramos,FW,Portugal,21-174,2001,1.7,3,7,5,71.4,4.14,2.96,0.43,0.60,11.3,0,0,0,1.6,1.6,0.22,+1.4,+1.4
Granit Xhaka,MF,Switzerland,30-075,1992,4.0,0,6,3,50.0,1.50,0.75,0.00,0.00,21.6,0,0,0,0.3,0.3,0.05,-0.3,-0.3
Gregor Kobel,GK,Switzerland,25-005,1997,1.0,0,0,0,,0.00,0.00,,,,0,0,0,0.0,0.0,,0.0,0.0
Grzegorz Krychowiak,MF,Poland,32-316,1990,3.7,0,1,0,0.0,0.27,0.00,0.00,,29.9,0,0,0,0.0,0.0,0.02,0.0,0.0
Guido Rodríguez,MF,Argentina,28-243,1994,0.6,0,0,0,,0.00,0.00,,,,0,0,0,0.0,0.0,,0.0,0.0
Guillermo Ochoa,GK,Mexico,37-151,1985,3.0,0,0,0,,0.00,0.00,,,,0,0,0,0.0,0.0,,0.0,0.0
Guillermo Varela,DF,Uruguay,29-262,1993,2.0,0,0,0,,0.00,0.00,,,,0,0,0,0.0,0.0,,0.0,0.0
Haji Wright,FW,United States,24-259,1998,1.5,1,6,2,33.3,3.94,1.31,0.17,0.50,13.6,0,0,0,0.5,0.5,0.09,+0.5,+0.5
Hakim Ziyech,FW,Morocco,29-267,1993,5.1,1,7,2,28.6,1.38,0.40,0.14,0.50,27.6,1,0,0,0.3,0.3,0.04,+0.7,+0.7
Hannibal Mejbri,MF,Tunisia,19-324,2003,0.1,0,0,0,,0.00,0.00,,,,0,0,0,0.0,0.0,,0.0,0.0
Haris Seferović,FW,Switzerland,30-292,1992,0.8,0,1,0,0.0,1.27,0.00,0.00,,12.8,0,0,0,0.2,0.2,0.19,-0.2,-0.2
Harry Kane,FW,England,29-136,1993,4.5,2,10,5,50.0,2.24,1.12,0.10,0.20,20.4,0,1,2,2.7,1.1,0.11,-0.7,-0.1
Harry Maguire,DF,England,29-281,1993,4.8,0,6,1,16.7,1.26,0.21,0.00,0.00,10.0,0,0,0,0.4,0.4,0.06,-0.4,-0.4
Harry Souttar,DF,Australia,24-050,1998,4.0,0,1,0,0.0,0.25,0.00,0.00,,8.5,0,0,0,0.1,0.1,0.08,-0.1,-0.1
Harry Wilson,MF,Wales,25-264,1997,1.8,0,2,0,0.0,1.13,0.00,0.00,,20.9,1,0,0,0.1,0.1,0.05,-0.1,-0.1
Hassan Al Tambakti,DF,Saudi Arabia,23-305,1999,2.0,0,0,0,,0.00,0.00,,,,0,0,0,0.0,0.0,,0.0,0.0
Hassan Al-Haydos,MF,Qatar,32-000,1990,2.3,0,1,1,100.0,0.44,0.44,0.00,0.00,29.2,0,0,0,0.0,0.0,0.01,0.0,0.0
Hattan Bahebri,MF,Saudi Arabia,30-148,1992,0.0,0,0,0,,0.00,0.00,,,,0,0,0,0.0,0.0,,0.0,0.0
Henry Martín,FW,Mexico,30-023,1992,1.6,1,4,2,50.0,2.47,1.23,0.25,0.50,9.9,0,0,0,0.9,0.9,0.23,+0.1,+0.1
Hernán Galíndez,GK,Ecuador,35-256,1987,3.0,0,0,0,,0.00,0.00,,,,0,0,0,0.0,0.0,,0.0,0.0
Hidemasa Morita,MF,Japan,27-215,1995,3.2,0,3,1,33.3,0.95,0.32,0.00,0.00,22.9,0,0,0,0.2,0.2,0.05,-0.2,-0.2
Hiroki Ito,DF,Japan,23-213,1999,0.5,0,0,0,,0.00,0.00,,,,0,0,0,0.0,0.0,,0.0,0.0
Hiroki Sakai,MF,Japan,32-243,1990,1.3,0,1,0,0.0,0.76,0.00,0.00,,5.4,0,0,0,0.5,0.5,0.53,-0.5,-0.5
Hirving Lozano,FW,Mexico,27-134,1995,2.8,0,6,3,50.0,2.14,1.07,0.00,0.00,26.0,1,0,0,0.2,0.2,0.03,-0.2,-0.2
Homam Ahmed,DF,Qatar,23-108,1999,2.9,0,0,0,,0.00,0.00,,,,0,0,0,0.0,0.0,,0.0,0.0
Hong Chul,DF,Korea Republic,32-085,1990,0.5,0,0,0,,0.00,0.00,,,,0,0,0,0.0,0.0,,0.0,0.0
Hossein Hosseini,GK,IR Iran,30-164,1992,1.8,0,0,0,,0.00,0.00,,,,0,0,0,0.0,0.0,,0.0,0.0
Hossein Kanaanizadegan,DF,IR Iran,28-263,1994,0.5,0,0,0,,0.00,0.00,,,,0,0,0,0.0,0.0,,0.0,0.0
Hugo Lloris,GK,France,35-350,1986,4.0,0,0,0,,0.00,0.00,,,,0,0,0,0.0,0.0,,0.0,0.0
Hwang Hee-chan,MF,Korea Republic,26-319,1996,1.3,1,6,5,83.3,4.70,3.91,0.17,0.20,17.5,0,0,0,0.9,0.9,0.15,+0.1,+0.1
Hwang In-beom,MF,Korea Republic,26-082,1996,3.7,0,6,1,16.7,1.62,0.27,0.00,0.00,27.1,0,0,0,0.2,0.2,0.04,-0.2,-0.2
Hwang Ui-jo,FW,Korea Republic,30-105,1992,1.2,0,1,0,0.0,0.85,0.00,0.00,,10.5,0,0,0,0.5,0.5,0.47,-0.5,-0.5
Héctor Herrera,MF,Mexico,32-236,1990,1.8,0,0,0,,0.00,0.00,,,,0,0,0,0.0,0.0,,0.0,0.0
Héctor Moreno,DF,Mexico,34-328,1988,3.0,0,1,0,0.0,0.33,0.00,0.00,,5.8,0,0,0,0.2,0.2,0.18,-0.2,-0.2
Ibrahima Konaté,DF,France,23-200,1999,2.2,0,2,1,50.0,0.92,0.46,0.00,0.00,7.7,0,0,0,0.4,0.4,0.18,-0.4,-0.4
Idrissa Gana Gueye,MF,Senegal,33-076,1989,3.0,0,4,1,25.0,1.33,0.33,0.00,0.00,19.6,0,0,0,0.3,0.3,0.08,-0.3,-0.3
Iliman Ndiaye,FW,Senegal,22-280,2000,1.5,0,2,0,0.0,1.33,0.00,0.00,,18.6,0,0,0,0.1,0.1,0.07,-0.1,-0.1
Ismail Jakobs,DF,Senegal,23-116,1999,3.1,0,1,0,0.0,0.32,0.00,0.00,,31.0,0,0,0,0.0,0.0,0.01,0.0,0.0
Ismail Mohamad,FW,Qatar,32-250,1990,1.9,0,2,2,100.0,1.03,1.03,0.00,0.00,,,0,0,,,,,
Ismaila Sarr,FW,Senegal,24-289,1998,3.8,1,10,1,10.0,2.62,0.26,0.00,0.00,16.5,0,1,1,1.7,0.9,0.09,-0.7,-0.9
Ismaël Koné,MF,Canada,20-188,2002,1.2,0,0,0,,0.00,0.00,,,,0,0,0,0.0,0.0,,0.0,0.0
Issam Jebali,FW,Tunisia,30-351,1991,2.0,0,3,1,33.3,1.48,0.49,0.00,0.00,10.4,0,0,0,0.5,0.5,0.18,-0.5,-0.5
Ivan Ilić,MF,Serbia,21-269,2001,0.4,0,0,0,,0.00,0.00,,,,0,0,0,0.0,0.0,,0.0,0.0
Ivan Perišić,FW,Croatia,33-312,1989,5.4,1,13,3,23.1,2.39,0.55,0.08,0.33,18.0,0,0,0,0.8,0.8,0.06,+0.2,+0.2
Iñaki Williams,FW,Ghana,28-179,1994,3.0,0,2,0,0.0,0.67,0.00,0.00,,20.1,0,0,0,0.3,0.3,0.15,-0.3,-0.3
Jack Grealish,FW,England,27-092,1995,1.0,1,1,1,100.0,1.05,1.05,1.00,1.00,8.8,0,0,0,0.6,0.6,0.65,+0.4,+0.4
Jackson Irvine,MF,Australia,29-279,1993,3.9,0,3,0,0.0,0.76,0.00,0.00,,9.3,0,0,0,0.5,0.5,0.17,-0.5,-0.5
Jackson Porozo,DF,Ecuador,22-129,2000,1.1,0,1,0,0.0,0.94,0.00,0.00,,15.0,0,0,0,0.1,0.1,0.05,-0.1,-0.1
Jakub Kamiński,MF,Poland,20-189,2002,2.6,0,4,1,25.0,1.55,0.39,0.00,0.00,10.1,0,0,0,0.4,0.3,0.07,-0.4,-0.3
Jakub Kiwior,DF,Poland,22-299,2000,3.9,0,1,0,0.0,0.25,0.00,0.00,,10.5,0,0,0,0.0,0.0,0.03,0.0,0.0
Jamal Musiala,MF,Germany,19-288,2003,2.9,0,12,3,25.0,4.19,1.05,0.00,0.00,14.5,0,0,0,1.9,1.9,0.16,-1.9,-1.9
Jamie Maclaren,FW,Australia,29-135,1993,0.6,0,0,0,,0.00,0.00,,,,0,0,0,0.0,0.0,,0.0,0.0
Jan Bednarek,DF,Poland,26-243,1996,0.1,0,0,0,,0.00,0.00,,,,0,0,0,0.0,0.0,,0.0,0.0
Jan Vertonghen,DF,Belgium,35-231,1987,3.0,0,2,0,0.0,0.67,0.00,0.00,,10.4,0,0,0,0.2,0.2,0.08,-0.2,-0.2
Jason Cummings,FW,Australia,27-132,1995,0.4,0,0,0,,0.00,0.00,,,,0,0,0,0.0,0.0,,0.0,0.0
Jawad El Yamiq,DF,Morocco,30-285,1992,1.7,0,0,0,,0.00,0.00,,,,0,0,0,0.0,0.0,,0.0,0.0
Jean-Charles Castelletto,DF,Cameroon,27-319,1995,2.0,1,1,1,100.0,0.50,0.50,1.00,1.00,1.1,0,0,0,0.9,0.9,0.95,+0.1,+0.1
Jeong Woo-yeong,MF,Korea Republic,23-082,1999,0.5,0,1,0,0.0,2.00,0.00,0.00,,24.4,0,0,0,0.0,0.0,0.03,0.0,0.0
Jeremy Doku,MF,Belgium,20-198,2002,0.2,0,0,0,,0.00,0.00,,,,0,0,0,0.0,0.0,,0.0,0.0
Jeremy Sarmiento,MF,Ecuador,20-178,2002,0.9,0,1,1,100.0,1.06,1.06,0.00,0.00,14.5,0,0,0,0.1,0.1,0.07,-0.1,-0.1
Jerome Ngom Mbekeli,MF,Cameroon,24-072,1998,0.1,0,0,0,,0.00,0.00,,,,0,0,0,0.0,0.0,,0.0,0.0
Jesper Lindstrøm,MF,Denmark,22-285,2000,2.2,0,3,1,33.3,1.35,0.45,0.00,0.00,16.2,0,0,0,0.3,0.3,0.10,-0.3,-0.3
Jesús Ferreira,FW,United States,21-352,2000,0.5,0,0,0,,0.00,0.00,,,,0,0,0,0.0,0.0,,0.0,0.0
Jesús Gallardo,DF,Mexico,28-118,1994,3.0,0,1,0,0.0,0.33,0.00,0.00,,15.1,0,0,0,0.1,0.1,0.12,-0.1,-0.1
Jewison Bennette,MF,Costa Rica,18-179,2004,1.1,0,1,0,0.0,0.87,0.00,0.00,,28.6,0,0,0,0.0,0.0,0.04,0.0,0.0
Jhegson Méndez,MF,Ecuador,25-229,1997,2.0,0,0,0,,0.00,0.00,,,,0,0,0,0.0,0.0,,0.0,0.0
Joachim Andersen,DF,Denmark,26-194,1996,3.0,0,4,1,25.0,1.33,0.33,0.00,0.00,18.1,0,0,0,0.1,0.1,0.02,-0.1,-0.1
Joakim Mæhle,DF,Denmark,25-205,1997,2.8,0,2,0,0.0,0.72,0.00,0.00,,28.9,0,0,0,0.0,0.0,0.02,0.0,0.0
Joe Allen,MF,Wales,32-272,1990,1.0,0,2,0,0.0,1.91,0.00,0.00,,24.3,0,0,0,0.1,0.1,0.05,-0.1,-0.1
Joe Morrell,MF,Wales,25-342,1997,0.4,0,0,0,,0.00,0.00,,,,0,0,0,0.0,0.0,,0.0,0.0
Joe Rodon,DF,Wales,25-050,1997,3.0,0,0,0,,0.00,0.00,,,,0,0,0,0.0,0.0,,0.0,0.0
Joel Campbell,FW,Costa Rica,30-168,1992,3.0,0,1,0,0.0,0.33,0.00,0.00,,21.1,0,0,0,0.0,0.0,0.01,0.0,0.0
Johan Venegas,FW,Costa Rica,34-014,1988,0.8,0,0,0,,0.00,0.00,,,,0,0,0,0.0,0.0,,0.0,0.0
John Stones,DF,England,28-197,1994,4.8,0,4,1,25.0,0.83,0.21,0.00,0.00,9.6,0,0,0,0.4,0.4,0.09,-0.4,-0.4
Jonas Hofmann,FW,Germany,30-150,1992,0.3,0,1,1,100.0,3.00,3.00,0.00,0.00,11.5,0,0,0,0.3,0.3,0.27,-0.3,-0.3
Jonathan David,FW,Canada,22-331,2000,2.1,0,8,1,12.5,3.75,0.47,0.00,0.00,14.1,0,0,0,1.0,0.7,0.09,-1.0,-0.7
Jonathan Osorio,MF,Canada,30-182,1992,1.3,0,1,0,0.0,0.76,0.00,0.00,,23.7,0,0,0,0.1,0.1,0.06,-0.1,-0.1
Jordan Ayew,FW,Ghana,31-091,1991,1.5,0,1,1,100.0,0.66,0.66,0.00,0.00,21.2,0,0,0,0.1,0.1,0.05,-0.1,-0.1
Jordan Henderson,MF,England,32-177,1990,3.0,1,2,1,50.0,0.66,0.33,0.50,1.00,18.5,0,0,0,0.2,0.2,0.08,+0.8,+0.8
Jordan Morris,FW,United States,28-046,1994,0.0,0,0,0,,0.00,0.00,,,,0,0,0,0.0,0.0,,0.0,0.0
Jordan Pickford,GK,England,28-279,1994,5.0,0,0,0,,0.00,0.00,,,,0,0,0,0.0,0.0,,0.0,0.0
Jordan Veretout,MF,France,29-285,1993,0.7,0,0,0,,0.00,0.00,,,,0,0,0,0.0,0.0,,0.0,0.0
Jordi Alba,DF,Spain,33-265,1989,2.9,0,2,0,0.0,0.68,0.00,0.00,,26.6,0,0,0,0.0,0.0,0.02,0.0,0.0
Jorge Eduardo Sánchez,DF,Mexico,25-001,1997,1.9,0,1,1,100.0,0.51,0.51,0.00,0.00,18.3,0,0,0,0.0,0.0,0.02,0.0,0.0
Josh Sargent,FW,United States,22-294,2000,1.7,0,4,1,25.0,2.29,0.57,0.00,0.00,14.0,0,0,0,0.4,0.4,0.09,-0.4,-0.4
Joshua Kimmich,MF,Germany,27-306,1995,3.0,0,7,4,57.1,2.33,1.33,0.00,0.00,25.9,1,0,0,0.4,0.4,0.05,-0.4,-0.4
Josip Juranović,DF,Croatia,27-117,1995,5.7,0,1,0,0.0,0.18,0.00,0.00,,18.1,0,0,0,0.0,0.0,0.03,0.0,0.0
José Cifuentes,MF,Ecuador,23-274,1999,0.7,0,1,1,100.0,1.53,1.53,0.00,0.00,29.4,0,0,0,0.0,0.0,0.02,0.0,0.0
José María Giménez,DF,Uruguay,27-325,1995,3.0,0,3,0,0.0,1.00,0.00,0.00,,13.2,0,0,0,0.2,0.2,0.06,-0.2,-0.2
João Cancelo,DF,Portugal,28-198,1994,3.4,0,2,1,50.0,0.58,0.29,0.00,0.00,15.4,0,0,0,0.0,0.0,0.02,0.0,0.0
João Félix,FW,Portugal,23-031,1999,3.7,1,11,3,27.3,2.99,0.82,0.09,0.33,18.6,0,0,0,0.9,0.9,0.08,+0.1,+0.1
João Mário,FW,Portugal,29-326,1993,0.9,0,0,0,,0.00,0.00,,,,0,0,0,0.0,0.0,,0.0,0.0
João Palhinha,MF,Portugal,27-155,1995,0.4,0,1,0,0.0,2.37,0.00,0.00,,33.2,0,0,0,0.0,0.0,0.03,0.0,0.0
Joško Gvardiol,DF,Croatia,20-322,2002,5.7,0,1,0,0.0,0.18,0.00,0.00,,20.3,0,0,0,0.1,0.1,0.09,-0.1,-0.1
Juan Pablo Vargas,DF,Costa Rica,27-188,1995,1.0,1,2,2,100.0,2.00,2.00,0.50,0.50,3.9,0,0,0,0.5,0.5,0.27,+0.5,+0.5
Jude Bellingham,MF,England,19-165,2003,4.6,1,5,3,60.0,1.09,0.65,0.20,0.33,12.4,0,0,0,0.6,0.6,0.11,+0.4,+0.4
Jules Koundé,DF,France,24-029,1998,3.0,0,3,1,33.3,1.00,0.33,0.00,0.00,17.1,0,0,0,0.2,0.2,0.06,-0.2,-0.2
Julián Álvarez,FW,Argentina,22-314,2000,3.2,2,8,5,62.5,2.49,1.56,0.25,0.40,13.4,0,0,0,1.6,1.6,0.20,+0.4,+0.4
Jung Woo-young,MF,Korea Republic,32-362,1989,3.4,0,1,0,0.0,0.30,0.00,0.00,,25.1,0,0,0,0.0,0.0,0.03,0.0,0.0
Junior Hoilett,FW,Canada,32-189,1990,1.8,0,4,0,0.0,2.24,0.00,0.00,,24.3,0,0,0,0.1,0.1,0.03,-0.1,-0.1
Junya Ito,MF,Japan,29-277,1993,3.6,0,2,1,50.0,0.56,0.28,0.00,0.00,11.1,0,0,0,0.2,0.2,0.09,-0.2,-0.2
Jurriën Timber,DF,Netherlands,21-177,2001,4.3,0,0,0,,0.00,0.00,,,,0,0,0,0.0,0.0,,0.0,0.0
Kai Havertz,FW,Germany,23-183,1999,1.1,2,5,3,60.0,4.41,2.65,0.40,0.67,13.1,0,0,0,1.4,1.4,0.27,+0.6,+0.6
Kalidou Koulibaly,DF,Senegal,31-174,1991,4.0,1,2,1,50.0,0.50,0.25,0.50,1.00,7.9,0,0,0,0.5,0.5,0.25,+0.5,+0.5
Kalvin Phillips,MF,England,27-009,1995,0.5,0,0,0,,0.00,0.00,,,,0,0,0,0.0,0.0,,0.0,0.0
Kamal Miller,DF,Canada,25-209,1997,3.0,0,0,0,,0.00,0.00,,,,0,0,0,0.0,0.0,,0.0,0.0
Kamaldeen Sulemana,FW,Ghana,20-299,2002,0.6,0,1,1,100.0,1.55,1.55,0.00,0.00,21.8,0,0,0,0.1,0.1,0.06,-0.1,-0.1
Kamil Glik,DF,Poland,34-311,1988,4.0,0,3,0,0.0,0.75,0.00,0.00,,11.6,0,0,0,0.2,0.2,0.08,-0.2,-0.2
Kamil Grosicki,MF,Poland,34-186,1988,0.0,0,0,0,,0.00,0.00,,,,0,0,0,0.0,0.0,,0.0,0.0
Kaoru Mitoma,MF,Japan,25-205,1997,1.8,0,1,1,100.0,0.55,0.55,0.00,0.00,21.5,0,0,0,0.1,0.1,0.08,-0.1,-0.1
Karim Ansarifard,FW,IR Iran,32-252,1990,0.4,0,1,0,0.0,2.57,0.00,0.00,,21.9,0,0,0,0.1,0.1,0.07,-0.1,-0.1
Karim Boudiaf,MF,Qatar,32-086,1990,2.1,0,0,0,,0.00,0.00,,,,0,0,0,0.0,0.0,,0.0,0.0
Karl Toko Ekambi,FW,Cameroon,30-088,1992,1.8,0,2,1,50.0,1.08,0.54,0.00,0.00,15.6,0,0,0,0.2,0.2,0.09,-0.2,-0.2
Karol Świderski,FW,Poland,25-322,1997,0.5,0,0,0,,0.00,0.00,,,,0,0,0,0.0,0.0,,0.0,0.0
Kasper Dolberg,FW,Denmark,25-066,1997,1.3,0,3,1,33.3,2.37,0.79,0.00,0.00,8.6,0,0,0,0.4,0.4,0.13,-0.4,-0.4
Kasper Schmeichel,GK,Denmark,36-036,1986,3.0,0,0,0,,0.00,0.00,,,,0,0,0,0.0,0.0,,0.0,0.0
Keanu Baccus,MF,Australia,24-187,1998,1.3,0,1,0,0.0,0.79,0.00,0.00,,23.9,0,0,0,0.0,0.0,0.05,0.0,0.0
Kellyn Acosta,MF,United States,27-140,1995,0.5,0,0,0,,0.00,0.00,,,,0,0,0,0.0,0.0,,0.0,0.0
Kendall Waston,DF,Costa Rica,34-344,1988,2.5,0,1,1,100.0,0.40,0.40,0.00,0.00,10.5,0,0,0,0.2,0.2,0.15,-0.2,-0.2
Kenneth Taylor,MF,Netherlands,20-209,2002,0.1,0,0,0,,0.00,0.00,,,,0,0,0,0.0,0.0,,0.0,0.0
Kevin De Bruyne,FW,Belgium,31-166,1991,3.0,0,7,2,28.6,2.33,0.67,0.00,0.00,23.3,1,0,0,0.2,0.2,0.03,-0.2,-0.2
Kevin Rodríguez,FW,Ecuador,22-282,2000,0.0,0,2,1,50.0,90.00,45.00,0.00,0.00,,,0,0,,,,,
Kevin Álvarez,DF,Mexico,23-330,1999,0.8,0,0,0,,0.00,0.00,,,,0,0,0,0.0,0.0,,0.0,0.0
Keylor Navas,GK,Costa Rica,35-361,1986,3.0,0,0,0,,0.00,0.00,,,,0,0,0,0.0,0.0,,0.0,0.0
Keysher Fuller,DF,Costa Rica,28-153,1994,2.8,1,3,2,66.7,1.07,0.71,0.33,0.50,15.5,0,0,0,0.4,0.4,0.13,+0.6,+0.6
Kieffer Moore,FW,Wales,30-125,1992,2.5,0,6,2,33.3,2.40,0.80,0.00,0.00,16.2,0,0,0,1.0,1.0,0.17,-1.0,-1.0
Kieran Trippier,DF,England,32-083,1990,2.3,0,1,0,0.0,0.44,0.00,0.00,,27.2,1,0,0,0.0,0.0,0.05,0.0,0.0
Kim Jin-su,DF,Korea Republic,30-181,1992,3.5,0,4,0,0.0,1.14,0.00,0.00,,11.2,0,0,0,0.3,0.3,0.08,-0.3,-0.3
Kim Min-jae,DF,Korea Republic,26-026,1996,3.0,0,2,0,0.0,0.67,0.00,0.00,,8.2,0,0,0,0.1,0.1,0.05,-0.1,-0.1
Kim Moonhwan,DF,Korea Republic,27-132,1995,4.0,0,0,0,,0.00,0.00,,,,0,0,0,0.0,0.0,,0.0,0.0
Kim Seung-gyu,GK,Korea Republic,32-072,1990,4.0,0,0,0,,0.00,0.00,,,,0,0,0,0.0,0.0,,0.0,0.0
Kim Young-gwon,DF,Korea Republic,32-287,1990,3.9,1,2,1,50.0,0.51,0.26,0.50,1.00,10.9,0,0,0,0.8,0.8,0.38,+0.2,+0.2
Kingsley Coman,FW,France,26-181,1996,1.3,0,1,0,0.0,0.76,0.00,0.00,,10.7,0,0,0,0.2,0.2,0.16,-0.2,-0.2
Ko Itakura,DF,Japan,25-318,1997,3.0,0,3,1,33.3,1.00,0.33,0.00,0.00,14.6,0,0,0,0.2,0.2,0.05,-0.2,-0.2
Koke,MF,Spain,30-337,1992,0.6,0,0,0,,0.00,0.00,,,,0,0,0,0.0,0.0,,0.0,0.0
Krystian Bielik,MF,Poland,24-341,1998,2.4,0,2,0,0.0,0.83,0.00,0.00,,15.8,0,0,0,0.2,0.2,0.09,-0.2,-0.2
Krzysztof Piątek,FW,Poland,27-163,1995,0.3,0,1,0,0.0,3.21,0.00,0.00,,15.6,0,0,0,0.0,0.0,0.03,0.0,0.0
Krépin Diatta,FW,Senegal,23-289,1999,2.0,0,3,1,33.3,1.49,0.50,0.00,0.00,16.5,0,0,0,0.1,0.1,0.04,-0.1,-0.1
Kudus Mohammed,FW,Ghana,22-131,2000,2.7,2,8,4,50.0,2.91,1.46,0.25,0.50,21.8,0,0,0,0.8,0.8,0.10,+1.2,+1.2
Kwon Chang-hoon,FW,Korea Republic,28-164,1994,0.6,0,0,0,,0.00,0.00,,,,0,0,0,0.0,0.0,,0.0,0.0
Kwon Kyung-won,DF,Korea Republic,30-314,1992,1.0,0,1,0,0.0,0.99,0.00,0.00,,33.8,0,0,0,0.0,0.0,0.02,0.0,0.0
Kye Rowles,DF,Australia,24-170,1998,4.0,0,0,0,,0.00,0.00,,,,0,0,0,0.0,0.0,,0.0,0.0
Kyle Walker,DF,England,32-197,1990,2.6,0,0,0,,0.00,0.00,,,,0,0,0,0.0,0.0,,0.0,0.0
Kylian Mbappé,FW,France,23-356,1998,4.3,5,22,10,45.5,5.10,2.32,0.23,0.50,15.9,1,0,0,2.8,2.8,0.13,+2.2,+2.2
Lautaro Martínez,FW,Argentina,25-111,1997,2.5,0,10,3,30.0,4.04,1.21,0.00,0.00,12.8,0,0,0,1.3,1.3,0.13,-1.3,-1.3
Lawrence Ati-Zigi,GK,Ghana,26-012,1996,3.0,0,0,0,,0.00,0.00,,,,0,0,0,0.0,0.0,,0.0,0.0
Leander Dendoncker,DF,Belgium,27-240,1995,1.8,0,1,0,0.0,0.56,0.00,0.00,,9.6,0,0,0,0.1,0.1,0.08,-0.1,-0.1
Leandro Paredes,MF,Argentina,28-165,1994,1.6,0,0,0,,0.00,0.00,,,,0,0,0,0.0,0.0,,0.0,0.0
Leandro Trossard,FW,Belgium,28-007,1994,1.1,0,0,0,,0.00,0.00,,,,0,0,0,0.0,0.0,,0.0,0.0
Lee Jae-sung,MF,Korea Republic,30-123,1992,2.3,0,1,0,0.0,0.43,0.00,0.00,,26.8,0,0,0,0.0,0.0,0.02,0.0,0.0
Lee Kangin,MF,Korea Republic,21-295,2001,1.6,0,5,1,20.0,3.06,0.61,0.00,0.00,25.9,2,0,0,0.2,0.2,0.03,-0.2,-0.2
Leon Goretzka,MF,Germany,27-308,1995,1.8,0,4,1,25.0,2.26,0.57,0.00,0.00,16.7,0,0,0,0.5,0.5,0.11,-0.5,-0.5
Leroy Sané,FW,Germany,26-334,1996,1.2,0,3,0,0.0,2.43,0.00,0.00,,25.4,0,0,0,0.1,0.1,0.04,-0.1,-0.1
Liam Millar,DF,Canada,23-075,1999,0.1,0,0,0,,0.00,0.00,,,,0,0,0,0.0,0.0,,0.0,0.0
Lionel Messi,FW,Argentina,35-170,1987,5.3,4,22,9,40.9,4.12,1.69,0.09,0.22,21.3,3,2,3,3.8,1.4,0.07,+0.2,+0.6
Lisandro Martínez,DF,Argentina,24-327,1998,3.0,0,1,0,0.0,0.33,0.00,0.00,,10.1,0,0,0,0.1,0.1,0.12,-0.1,-0.1
Lovro Majer,MF,Croatia,24-328,1998,0.6,1,3,1,33.3,4.91,1.64,0.33,1.00,21.8,0,0,0,0.7,0.7,0.22,+0.3,+0.3
Loïs Openda,FW,Belgium,22-298,2000,0.1,0,0,0,,0.00,0.00,,,,0,0,0,0.0,0.0,,0.0,0.0
Lucas Cavallini,FW,Canada,29-348,1992,0.2,0,0,0,,0.00,0.00,,,,0,0,0,0.0,0.0,,0.0,0.0
Lucas Hernández,DF,France,26-300,1996,0.1,0,0,0,,0.00,0.00,,,,0,0,0,0.0,0.0,,0.0,0.0
Lucas Paquetá,MF,Brazil,25-106,1997,3.5,1,4,4,100.0,1.15,1.15,0.25,0.25,11.7,0,0,0,0.8,0.8,0.21,+0.2,+0.2
Luis Chávez,MF,Mexico,26-330,1996,3.0,1,10,4,40.0,3.33,1.33,0.10,0.25,31.4,4,0,0,0.3,0.3,0.03,+0.7,+0.7
Luis Suárez,FW,Uruguay,35-321,1987,1.6,0,2,1,50.0,1.23,0.62,0.00,0.00,7.5,0,0,0,0.4,0.4,0.21,-0.4,-0.4
Luka Jović,FW,Serbia,24-353,1997,0.4,0,2,0,0.0,5.00,0.00,0.00,,17.6,0,0,0,0.1,0.1,0.03,-0.1,-0.1
Luka Modrić,MF,Croatia,37-093,1985,5.4,0,4,3,75.0,0.75,0.56,0.00,0.00,19.3,0,0,0,0.3,0.3,0.07,-0.3,-0.3
Lukas Klostermann,DF,Germany,26-191,1996,0.7,0,0,0,,0.00,0.00,,,,0,0,0,0.0,0.0,,0.0,0.0
Luke Shaw,DF,England,27-152,1995,4.7,0,3,1,33.3,0.64,0.21,0.00,0.00,23.1,1,0,0,0.1,0.1,0.03,-0.1,-0.1
Luuk de Jong,FW,Netherlands,32-106,1990,0.6,0,1,0,0.0,1.58,0.00,0.00,,13.0,0,0,0,0.1,0.1,0.08,-0.1,-0.1
Majid Hosseini,DF,IR Iran,26-174,1996,3.0,0,0,0,,0.00,0.00,,,,0,0,0,0.0,0.0,,0.0,0.0
Manuel Akanji,DF,Switzerland,27-145,1995,4.0,1,4,1,25.0,1.00,0.25,0.25,1.00,12.3,1,0,0,1.1,1.1,0.28,-0.1,-0.1
Manuel Neuer,GK,Germany,36-259,1986,3.0,0,0,0,,0.00,0.00,,,,0,0,0,0.0,0.0,,0.0,0.0
Marcelo Brozović,MF,Croatia,30-025,1992,5.6,0,4,2,50.0,0.72,0.36,0.00,0.00,17.4,0,0,0,0.5,0.5,0.13,-0.5,-0.5
Marco Asensio,FW,Spain,26-324,1996,2.5,1,10,2,20.0,3.93,0.79,0.10,0.50,20.1,0,0,0,1.2,1.2,0.12,-0.2,-0.2
Marcos Acuña,DF,Argentina,31-044,1991,3.5,0,2,0,0.0,0.57,0.00,0.00,,17.9,0,0,0,0.1,0.1,0.04,-0.1,-0.1
Marcos Llorente,DF,Spain,27-315,1995,1.3,0,1,0,0.0,0.75,0.00,0.00,,22.4,0,0,0,0.0,0.0,0.02,0.0,0.0
Marcus Rashford,FW,England,25-041,1997,1.6,3,11,6,54.5,7.07,3.86,0.27,0.50,16.6,2,0,0,1.6,1.6,0.15,+1.4,+1.4
Marcus Thuram,FW,France,25-127,1997,0.5,0,0,0,,0.00,0.00,,,,0,0,0,0.0,0.0,,0.0,0.0
Mario Götze,MF,Germany,30-191,1992,0.4,0,1,1,100.0,2.50,2.50,0.00,0.00,14.3,0,0,0,0.1,0.1,0.09,-0.1,-0.1
Mario Pašalić,FW,Croatia,27-305,1995,2.2,0,2,0,0.0,0.90,0.00,0.00,,10.3,0,0,0,0.2,0.2,0.09,-0.2,-0.2
Mark-Anthony Kaye,MF,Canada,28-009,1994,0.7,0,1,0,0.0,1.53,0.00,0.00,,25.5,0,0,0,0.0,0.0,0.04,0.0,0.0
Marko Grujić,MF,Serbia,26-242,1996,0.1,0,1,1,100.0,6.92,6.92,0.00,0.00,29.6,0,0,0,0.0,0.0,0.04,0.0,0.0
Marko Livaja,FW,Croatia,29-107,1993,1.7,1,5,4,80.0,2.87,2.29,0.20,0.25,11.8,0,0,0,0.8,0.8,0.15,+0.2,+0.2
Marquinhos,DF,Brazil,28-211,1994,4.7,0,2,0,0.0,0.42,0.00,0.00,,10.4,0,0,0,0.2,0.2,0.08,-0.2,-0.2
Marten de Roon,MF,Netherlands,31-257,1991,2.0,0,0,0,,0.00,0.00,,,,0,0,0,0.0,0.0,,0.0,0.0
Martin Braithwaite,FW,Denmark,31-189,1991,1.1,0,1,0,0.0,0.87,0.00,0.00,,11.5,0,0,0,0.1,0.1,0.07,-0.1,-0.1
Martin Hongla,MF,Cameroon,24-270,1998,1.3,0,1,1,100.0,0.74,0.74,0.00,0.00,13.0,0,0,0,0.1,0.1,0.05,-0.1,-0.1
Martinelli,FW,Brazil,21-176,2001,1.3,0,4,3,75.0,3.19,2.39,0.00,0.00,13.2,0,0,0,0.5,0.5,0.13,-0.5,-0.5
Martín Cáceres,DF,Uruguay,35-248,1987,1.0,0,0,0,,0.00,0.00,,,,0,0,0,0.0,0.0,,0.0,0.0
Mason Mount,MF,England,23-335,1999,2.1,0,4,1,25.0,1.94,0.48,0.00,0.00,23.0,0,0,0,0.2,0.2,0.05,-0.2,-0.2
Mateo Kovačić,MF,Croatia,28-219,1994,5.1,0,2,1,50.0,0.40,0.20,0.00,0.00,19.7,0,0,0,0.1,0.1,0.04,-0.1,-0.1
Matheus Nunes,MF,Portugal,24-106,1998,0.8,0,1,0,0.0,1.23,0.00,0.00,,30.8,0,0,0,0.0,0.0,0.02,0.0,0.0
Mathew Leckie,MF,Australia,31-310,1991,3.7,1,1,1,100.0,0.27,0.27,1.00,1.00,13.6,0,0,0,0.1,0.1,0.15,+0.9,+0.9
Mathew Ryan,GK,Australia,30-247,1992,4.0,0,0,0,,0.00,0.00,,,,0,0,0,0.0,0.0,,0.0,0.0
Mathias Jensen,MF,Denmark,26-344,1996,0.9,0,2,1,50.0,2.14,1.07,0.00,0.00,17.9,0,0,0,0.1,0.1,0.05,-0.1,-0.1
Mathías Olivera,DF,Uruguay,25-041,1997,2.8,0,2,0,0.0,0.71,0.00,0.00,,16.9,0,0,0,0.1,0.1,0.05,-0.1,-0.1
Matt Turner,GK,United States,28-170,1994,4.0,0,0,0,,0.00,0.00,,,,0,0,0,0.0,0.0,,0.0,0.0
Matthias Ginter,DF,Germany,28-326,1994,0.0,0,0,0,,0.00,0.00,,,,0,0,0,0.0,0.0,,0.0,0.0
Matthijs de Ligt,DF,Netherlands,23-121,1999,1.0,0,0,0,,0.00,0.00,,,,0,0,0,0.0,0.0,,0.0,0.0
Matty Cash,DF,Poland,25-126,1997,4.0,0,1,0,0.0,0.25,0.00,0.00,,24.2,0,0,0,0.0,0.0,0.04,0.0,0.0
Mattéo Guendouzi,FW,France,23-241,1999,0.9,0,0,0,,0.00,0.00,,,,0,0,0,0.0,0.0,,0.0,0.0
Matías Vecino,MF,Uruguay,31-109,1991,2.2,0,1,1,100.0,0.46,0.46,0.00,0.00,10.1,0,0,0,0.1,0.1,0.10,-0.1,-0.1
Matías Viña,DF,Uruguay,25-032,1997,0.2,0,0,0,,0.00,0.00,,,,0,0,0,0.0,0.0,,0.0,0.0
Maxi Gómez,FW,Uruguay,26-119,1996,0.3,0,2,1,50.0,6.00,3.00,0.00,0.00,26.1,0,0,0,0.1,0.1,0.04,-0.1,-0.1
Maya Yoshida,DF,Japan,34-109,1988,4.3,0,0,0,,0.00,0.00,,,,0,0,0,0.0,0.0,,0.0,0.0
Mehdi Taremi,FW,IR Iran,30-146,1992,3.0,2,5,1,20.0,1.67,0.33,0.20,1.00,16.0,0,1,1,1.3,0.6,0.11,+0.7,+0.4
Mehdi Torabi,MF,IR Iran,28-092,1994,0.7,0,2,0,0.0,2.90,0.00,0.00,,19.6,0,0,0,0.1,0.1,0.06,-0.1,-0.1
Memphis,FW,Netherlands,28-301,1994,3.3,1,10,5,50.0,3.03,1.52,0.10,0.20,15.0,0,0,0,1.5,1.5,0.15,-0.5,-0.5
Meshaal Barsham,GK,Qatar,24-300,1998,2.0,0,0,0,,0.00,0.00,,,,0,0,0,0.0,0.0,,0.0,0.0
Michael Estrada,FW,Ecuador,26-248,1996,2.5,0,3,0,0.0,1.20,0.00,0.00,,13.0,0,0,0,0.3,0.3,0.10,-0.3,-0.3
Michał Skóraś,MF,Poland,22-299,2000,0.5,0,1,0,0.0,2.00,0.00,0.00,,22.2,0,0,0,0.0,0.0,0.02,0.0,0.0
Michel Aebischer,MF,Switzerland,25-339,1997,0.2,0,0,0,,0.00,0.00,,,,0,0,0,0.0,0.0,,0.0,0.0
Michy Batshuayi,FW,Belgium,29-070,1993,1.7,1,6,2,33.3,3.58,1.19,0.17,0.50,15.4,0,0,0,0.8,0.8,0.13,+0.2,+0.2
Miki Yamane,DF,Japan,28-354,1993,0.7,0,0,0,,0.00,0.00,,,,0,0,0,0.0,0.0,,0.0,0.0
Mikkel Damsgaard,MF,Denmark,22-161,2000,1.7,0,0,0,,0.00,0.00,,,,0,0,0,0.0,0.0,,0.0,0.0
Milad Mohammadi,DF,IR Iran,29-073,1993,2.2,0,0,0,,0.00,0.00,,,,0,0,0,0.0,0.0,,0.0,0.0
Milan Borjan,GK,Canada,35-049,1987,3.0,0,0,0,,0.00,0.00,,,,0,0,0,0.0,0.0,,0.0,0.0
Miloš Degenek,DF,Australia,28-227,1994,2.0,0,0,0,,0.00,0.00,,,,0,0,0,0.0,0.0,,0.0,0.0
Miloš Veljković,DF,Serbia,27-076,1995,2.5,0,0,0,,0.00,0.00,,,,0,0,0,0.0,0.0,,0.0,0.0
Mislav Oršić,FW,Croatia,29-347,1992,0.3,0,2,1,50.0,6.43,3.21,0.00,0.00,21.8,0,0,0,0.1,0.1,0.06,-0.1,-0.1
Mitchell Duke,FW,Australia,31-327,1991,3.0,1,7,4,57.1,2.33,1.33,0.14,0.25,17.6,0,0,0,0.4,0.4,0.05,+0.6,+0.6
Mohamed Ali Ben Romdhane,MF,Tunisia,23-096,1999,0.8,0,0,0,,0.00,0.00,,,,0,0,0,0.0,0.0,,0.0,0.0
Mohamed Dräger,DF,Tunisia,26-169,1996,1.5,0,4,0,0.0,2.73,0.00,0.00,,25.8,0,0,0,0.2,0.2,0.05,-0.2,-0.2
Mohamed Kanno,MF,Saudi Arabia,28-080,1994,3.0,0,6,1,16.7,2.00,0.33,0.00,0.00,20.3,1,0,0,0.3,0.3,0.05,-0.3,-0.3
Mohammed Al-Breik,DF,Saudi Arabia,30-087,1992,0.7,0,2,1,50.0,2.77,1.38,0.00,0.00,20.4,0,0,0,0.4,0.0,0.01,-0.4,0.0
Mohammed Al-Owais,GK,Saudi Arabia,31-062,1991,3.0,0,0,0,,0.00,0.00,,,,0,0,0,0.0,0.0,,0.0,0.0
Mohammed Muntari,FW,Qatar,28-356,1993,0.7,1,3,1,33.3,4.29,1.43,0.33,1.00,13.7,0,0,0,0.2,0.2,0.07,+0.8,+0.8
Mohammed Salisu,DF,Ghana,23-238,1999,3.0,1,2,1,50.0,0.67,0.33,0.50,1.00,9.3,0,0,0,0.8,0.8,0.38,+0.2,+0.2
Mohammed Waad,MF,Qatar,23-084,1999,0.3,0,0,0,,0.00,0.00,,,,0,0,0,0.0,0.0,,0.0,0.0
Moisés Caicedo,MF,Ecuador,21-039,2001,3.0,1,3,1,33.3,1.00,0.33,0.33,1.00,16.0,0,0,0,0.5,0.5,0.17,+0.5,+0.5
Montassar Talbi,DF,Tunisia,24-199,1998,3.0,0,1,1,100.0,0.33,0.33,0.00,0.00,33.7,0,0,0,0.0,0.0,0.01,0.0,0.0
Morteza Pouraliganji,DF,IR Iran,30-236,1992,3.0,0,2,0,0.0,0.67,0.00,0.00,,16.8,0,0,0,0.1,0.1,0.04,-0.1,-0.1
Moumi Ngamaleu,FW,Cameroon,28-155,1994,1.1,0,0,0,,0.00,0.00,,,,0,0,0,0.0,0.0,,0.0,0.0
Munir,GK,Morocco,33-215,1989,1.0,0,0,0,,0.00,0.00,,,,0,0,0,0.0,0.0,,0.0,0.0
Musab Kheder,DF,Qatar,29-076,1993,0.1,0,0,0,,0.00,0.00,,,,0,0,0,0.0,0.0,,0.0,0.0
Na Sang-ho,FW,Korea Republic,26-121,1996,1.3,0,1,1,100.0,0.76,0.76,0.00,0.00,10.6,0,0,0,0.0,0.0,0.03,0.0,0.0
Nader Ghandri,DF,Tunisia,27-296,1995,1.0,0,0,0,,0.00,0.00,,,,0,0,0,0.0,0.0,,0.0,0.0
Nahuel Molina,DF,Argentina,24-249,1998,4.4,1,2,1,50.0,0.46,0.23,0.50,1.00,16.2,0,0,0,0.5,0.5,0.23,+0.5,+0.5
Nampalys Mendy,MF,Senegal,30-171,1992,3.0,0,2,0,0.0,0.66,0.00,0.00,,22.6,0,0,0,0.1,0.1,0.03,-0.1,-0.1
Nasser Al-Dawsari,FW,Saudi Arabia,23-357,1998,0.1,0,0,0,,0.00,0.00,,,,0,0,0,0.0,0.0,,0.0,0.0
Nathan Aké,DF,Netherlands,27-296,1995,5.3,0,0,0,,0.00,0.00,,,,0,0,0,0.0,0.0,,0.0,0.0
Nathaniel Atkinson,DF,Australia,23-181,1999,0.9,0,0,0,,0.00,0.00,,,,0,0,0,0.0,0.0,,0.0,0.0
Nawaf Al Abed,MF,Saudi Arabia,32-319,1990,1.0,0,2,0,0.0,2.05,0.00,0.00,,21.1,1,0,0,0.1,0.1,0.07,-0.1,-0.1
Nayef Aguerd,DF,Morocco,26-256,1996,3.9,0,1,0,0.0,0.25,0.00,0.00,,8.0,0,0,0,0.2,0.2,0.17,-0.2,-0.2
Naïm Sliti,MF,Tunisia,30-137,1992,1.3,0,1,0,0.0,0.79,0.00,0.00,,10.3,0,0,0,0.1,0.1,0.14,-0.1,-0.1
Neco Williams,DF,Wales,21-242,2001,2.3,0,3,0,0.0,1.32,0.00,0.00,,26.5,0,0,0,0.1,0.1,0.03,-0.1,-0.1
Nemanja Gudelj,MF,Serbia,31-025,1991,1.0,0,0,0,,0.00,0.00,,,,0,0,0,0.0,0.0,,0.0,0.0
Nemanja Maksimović,MF,Serbia,27-319,1995,1.4,0,0,0,,0.00,0.00,,,,0,0,0,0.0,0.0,,0.0,0.0
Nemanja Radonjić,DF,Serbia,26-299,1996,0.7,0,2,0,0.0,3.00,0.00,0.00,,22.3,0,0,0,0.1,0.1,0.05,-0.1,-0.1
Neymar,MF,Brazil,30-309,1992,3.1,2,11,6,54.5,3.55,1.94,0.09,0.17,19.2,3,1,1,2.7,1.9,0.18,-0.7,-0.9
Niclas Füllkrug,FW,Germany,29-305,1993,0.8,2,8,3,37.5,10.43,3.91,0.25,0.67,10.0,0,0,0,2.2,2.2,0.27,-0.2,-0.2
Nico Elvedi,DF,Switzerland,26-072,1996,2.0,0,1,0,0.0,0.50,0.00,0.00,,9.3,0,0,0,0.1,0.1,0.08,-0.1,-0.1
Nico Schlotterbeck,DF,Germany,23-010,1999,1.0,0,0,0,,0.00,0.00,,,,0,0,0,0.0,0.0,,0.0,0.0
Nico Williams,FW,Spain,20-152,2002,1.6,0,1,0,0.0,0.62,0.00,0.00,,14.3,0,0,0,0.1,0.1,0.11,-0.1,-0.1
Nicola Zalewski,MF,Poland,20-322,2002,0.7,0,0,0,,0.00,0.00,,,,0,0,0,0.0,0.0,,0.0,0.0
Nicolas Jackson,FW,Senegal,21-174,2001,0.2,0,0,0,,0.00,0.00,,,,0,0,0,0.0,0.0,,0.0,0.0
Nicolas Nkoulou,DF,Cameroon,32-259,1990,2.0,0,3,1,33.3,1.50,0.50,0.00,0.00,12.2,0,0,0,0.3,0.3,0.09,-0.3,-0.3
Nicolás De La Cruz,MF,Uruguay,25-193,1997,0.4,0,1,1,100.0,2.37,2.37,0.00,0.00,32.4,1,0,0,0.0,0.0,0.04,0.0,0.0
Nicolás Otamendi,DF,Argentina,34-302,1988,5.3,0,1,0,0.0,0.19,0.00,0.00,,12.3,0,0,0,0.0,0.0,0.03,0.0,0.0
Nicolás Tagliafico,DF,Argentina,30-102,1992,1.8,0,3,1,33.3,1.65,0.55,0.00,0.00,11.3,0,0,0,1.0,1.0,0.34,-1.0,-1.0
Niklas Süle,DF,Germany,27-099,1995,3.0,0,1,0,0.0,0.33,0.00,0.00,,5.4,0,0,0,0.1,0.1,0.11,-0.1,-0.1
Nikola Milenković,DF,Serbia,25-060,1997,3.0,0,3,0,0.0,1.00,0.00,0.00,,14.7,0,0,0,0.2,0.2,0.06,-0.2,-0.2
Nikola Vlašić,FW,Croatia,25-068,1997,1.5,0,3,1,33.3,2.01,0.67,0.00,0.00,12.5,0,0,0,0.4,0.4,0.13,-0.4,-0.4
Noa Lang,MF,Netherlands,23-177,1999,0.1,0,0,0,,0.00,0.00,,,,0,0,0,0.0,0.0,,0.0,0.0
Noah Okafor,FW,Switzerland,22-201,2000,0.5,0,1,0,0.0,2.00,0.00,0.00,,17.5,0,0,0,0.0,0.0,0.03,0.0,0.0
Nouhou Tolo,DF,Cameroon,25-171,1997,3.0,0,0,0,,0.00,0.00,,,,0,0,0,0.0,0.0,,0.0,0.0
Noussair Mazraoui,DF,Morocco,25-027,1997,3.6,0,4,2,50.0,1.13,0.56,0.00,0.00,24.4,0,0,0,0.2,0.2,0.04,-0.2,-0.2
Nuno Mendes,DF,Portugal,20-175,2002,0.5,0,0,0,,0.00,0.00,,,,0,0,0,0.0,0.0,,0.0,0.0
Néstor Araujo,DF,Mexico,31-104,1991,1.0,0,0,0,,0.00,0.00,,,,0,0,0,0.0,0.0,,0.0,0.0
Olivier Giroud,FW,France,36-072,1986,3.5,4,13,6,46.2,3.71,1.71,0.31,0.67,10.5,0,0,0,3.1,3.1,0.24,+0.9,+0.9
Olivier Ntcham,MF,Cameroon,26-305,1996,0.3,0,1,1,100.0,3.60,3.60,0.00,0.00,30.0,0,0,0,0.0,0.0,0.04,0.0,0.0
Orbelín Pineda,MF,Mexico,26-262,1996,0.8,0,4,1,25.0,4.74,1.18,0.00,0.00,15.1,0,0,0,0.3,0.3,0.08,-0.3,-0.3
Osman Bukari,MF,Ghana,23-363,1998,0.7,1,3,1,33.3,4.58,1.53,0.33,1.00,17.6,0,0,0,0.5,0.5,0.17,+0.5,+0.5
Otávio,MF,Portugal,27-305,1995,2.2,0,3,2,66.7,1.38,0.92,0.00,0.00,23.2,0,0,0,0.1,0.1,0.04,-0.1,-0.1
Ousmane Dembélé,FW,France,25-210,1997,3.5,0,8,2,25.0,2.29,0.57,0.00,0.00,20.2,0,0,0,0.5,0.5,0.06,-0.5,-0.5
Pablo Sarabia,FW,Spain,30-214,1992,0.0,0,1,0,0.0,30.00,0.00,0.00,,4.7,0,0,0,0.1,0.1,0.11,-0.1,-0.1
Paik Seung-ho,MF,Korea Republic,25-269,1997,0.3,1,1,1,100.0,3.46,3.46,1.00,1.00,30.4,0,0,0,0.0,0.0,0.04,+1.0,+1.0
Pape Abou Cissé,DF,Senegal,27-088,1995,1.2,0,0,0,,0.00,0.00,,,,0,0,0,0.0,0.0,,0.0,0.0
Pape Gueye,MF,Senegal,23-321,1999,1.7,0,4,2,50.0,2.35,1.18,0.00,0.00,24.8,0,0,0,0.1,0.1,0.03,-0.1,-0.1
Pape Matar Sarr,MF,Senegal,20-088,2002,0.7,0,4,0,0.0,6.10,0.00,0.00,,30.8,1,0,0,0.1,0.1,0.03,-0.1,-0.1
Papu Gómez,MF,Argentina,34-299,1988,1.2,0,2,0,0.0,1.68,0.00,0.00,,26.3,0,0,0,0.0,0.0,0.02,0.0,0.0
Pathé Ciss,MF,Senegal,28-270,1994,1.6,0,1,0,0.0,0.62,0.00,0.00,,12.8,0,0,0,0.0,0.0,0.04,0.0,0.0
Pau Torres,DF,Spain,25-329,1997,1.0,0,0,0,,0.00,0.00,,,,0,0,0,0.0,0.0,,0.0,0.0
Pedri,MF,Spain,20-016,2002,4.0,0,0,0,,0.00,0.00,,,,0,0,0,0.0,0.0,,0.0,0.0
Pedro,FW,Brazil,25-174,1997,0.7,0,4,1,25.0,5.63,1.41,0.00,0.00,12.9,0,0,0,0.5,0.5,0.13,-0.5,-0.5
Pepe,DF,Portugal,39-288,1983,4.0,1,3,1,33.3,0.75,0.25,0.33,1.00,7.3,0,0,0,0.4,0.4,0.15,+0.6,+0.6
Pervis Estupiñán,DF,Ecuador,24-324,1998,3.0,0,1,1,100.0,0.33,0.33,0.00,0.00,14.4,0,0,0,0.1,0.1,0.07,-0.1,-0.1
Phil Foden,FW,England,22-197,2000,2.9,1,6,1,16.7,2.09,0.35,0.17,1.00,13.8,0,0,0,1.1,1.1,0.18,-0.1,-0.1
Piero Hincapié,DF,Ecuador,20-336,2002,3.0,0,0,0,,0.00,0.00,,,,0,0,0,0.0,0.0,,0.0,0.0
Pierre Højbjerg,MF,Denmark,27-128,1995,3.0,0,2,1,50.0,0.67,0.33,0.00,0.00,30.7,0,0,0,0.0,0.0,0.01,0.0,0.0
Pierre Kunde,MF,Cameroon,27-138,1995,1.5,0,5,2,40.0,3.44,1.37,0.00,0.00,22.1,0,0,0,0.2,0.2,0.05,-0.2,-0.2
Piotr Zieliński,MF,Poland,28-205,1994,3.6,1,3,2,66.7,0.82,0.55,0.33,0.50,11.3,0,0,0,0.6,0.6,0.20,+0.4,+0.4
Przemysław Frankowski,MF,Poland,27-243,1995,2.7,0,1,0,0.0,0.37,0.00,0.00,,15.6,0,0,0,0.0,0.0,0.03,0.0,0.0
Rafael Leão,FW,Portugal,23-184,1999,1.0,2,5,2,40.0,5.11,2.05,0.40,1.00,21.2,0,0,0,0.4,0.4,0.08,+1.6,+1.6
Raheem Sterling,FW,England,28-003,1994,1.7,1,1,1,100.0,0.60,0.60,1.00,1.00,9.3,0,0,0,0.4,0.4,0.37,+0.6,+0.6
Ramin Rezaeian,DF,IR Iran,32-265,1990,2.0,1,2,1,50.0,1.00,0.50,0.50,1.00,18.3,0,0,0,0.3,0.3,0.13,+0.7,+0.7
Randal Kolo Muani,FW,France,24-006,1998,1.0,0,1,0,0.0,1.00,0.00,0.00,,24.3,0,0,0,0.0,0.0,0.04,0.0,0.0
Raphaël Guerreiro,DF,Portugal,28-354,1993,3.1,1,3,1,33.3,0.97,0.32,0.33,1.00,17.7,0,0,0,0.4,0.4,0.12,+0.6,+0.6
Raphaël Varane,DF,France,29-230,1993,3.5,0,2,0,0.0,0.57,0.00,0.00,,7.0,0,0,0,0.3,0.3,0.14,-0.3,-0.3
Raphinha,FW,Brazil,25-362,1996,3.5,0,8,6,75.0,2.29,1.71,0.00,0.00,19.1,1,0,0,1.2,1.2,0.15,-1.2,-1.2
Rasmus Nissen,DF,Denmark,25-153,1997,2.5,0,0,0,,0.00,0.00,,,,0,0,0,0.0,0.0,,0.0,0.0
Raúl Jiménez,FW,Mexico,31-220,1991,0.7,0,0,0,,0.00,0.00,,,,0,0,0,0.0,0.0,,0.0,0.0
Remo Freuler,MF,Switzerland,30-240,1992,3.6,1,3,1,33.3,0.84,0.28,0.33,1.00,10.3,0,0,0,0.5,0.5,0.17,+0.5,+0.5
Renato Steffen,FW,Switzerland,31-038,1991,0.4,0,0,0,,0.00,0.00,,,,0,0,0,0.0,0.0,,0.0,0.0
Ricardo Horta,FW,Portugal,28-087,1994,1.3,1,3,2,66.7,2.27,1.51,0.33,0.50,13.5,0,0,0,0.8,0.8,0.25,+0.2,+0.2
Ricardo Rodríguez,DF,Switzerland,30-108,1992,4.0,0,0,0,,0.00,0.00,,,,0,0,0,0.0,0.0,,0.0,0.0
Richarlison,FW,Brazil,25-215,1997,3.6,3,8,4,50.0,2.23,1.11,0.38,0.75,12.1,0,0,0,2.1,2.1,0.26,+0.9,+0.9
Richie Laryea,DF,Canada,27-338,1995,1.8,0,2,0,0.0,1.13,0.00,0.00,,17.8,0,0,0,0.1,0.1,0.03,-0.1,-0.1
Riley McGree,FW,Australia,24-039,1998,2.9,0,3,1,33.3,1.02,0.34,0.00,0.00,26.2,0,0,0,0.1,0.1,0.05,-0.1,-0.1
Ritsu Doan,FW,Japan,24-178,1998,2.4,2,4,3,75.0,1.66,1.24,0.50,0.67,20.1,0,0,0,0.5,0.5,0.13,+1.5,+1.5
Riyadh Sharahili,MF,Saudi Arabia,29-227,1993,0.6,0,0,0,,0.00,0.00,,,,0,0,0,0.0,0.0,,0.0,0.0
Roan Wilson,MF,Costa Rica,20-224,2002,0.0,0,0,0,,0.00,0.00,,,,0,0,0,0.0,0.0,,0.0,0.0
Robert Lewandowski,FW,Poland,34-112,1988,4.0,2,10,2,20.0,2.50,0.50,0.10,0.50,18.1,1,1,2,2.9,1.4,0.14,-0.9,-0.4
Robert Skov,DF,Denmark,26-205,1996,0.2,0,0,0,,0.00,0.00,,,,0,0,0,0.0,0.0,,0.0,0.0
Roberto Alvarado,FW,Mexico,24-095,1998,0.2,0,0,0,,0.00,0.00,,,,0,0,0,0.0,0.0,,0.0,0.0
Rodri,DF,Spain,26-172,1996,4.3,0,1,0,0.0,0.23,0.00,0.00,,36.2,0,0,0,0.0,0.0,0.02,0.0,0.0
Rodrigo Bentancur,MF,Uruguay,25-169,1997,2.4,0,3,1,33.3,1.27,0.42,0.00,0.00,15.8,0,0,0,0.6,0.6,0.21,-0.6,-0.6
Rodrigo De Paul,MF,Argentina,28-201,1994,4.7,0,4,2,50.0,0.85,0.42,0.00,0.00,18.7,0,0,0,0.7,0.7,0.18,-0.7,-0.7
Rodrygo,MF,Brazil,21-336,2001,2.0,0,6,2,33.3,2.98,0.99,0.00,0.00,18.7,1,0,0,0.4,0.4,0.07,-0.4,-0.4
Rogelio Funes Mori,FW,Mexico,31-281,1991,0.1,0,1,0,0.0,18.00,0.00,0.00,,22.6,0,0,0,0.1,0.1,0.07,-0.1,-0.1
Romain Saïss,DF,Morocco,32-260,1990,5.0,1,1,1,100.0,0.20,0.20,1.00,1.00,0.9,0,0,0,0.8,0.8,0.79,+0.2,+0.2
Romario Ibarra,MF,Ecuador,28-078,1994,0.8,0,2,1,50.0,2.65,1.32,0.00,0.00,23.2,0,0,0,0.1,0.1,0.07,-0.1,-0.1
Romelu Lukaku,FW,Belgium,29-212,1993,0.6,0,5,2,40.0,8.18,3.27,0.00,0.00,6.6,0,0,0,1.7,1.7,0.35,-1.7,-1.7
Roozbeh Cheshmi,DF,IR Iran,29-140,1993,0.6,1,1,1,100.0,1.55,1.55,1.00,1.00,28.1,0,0,0,0.1,0.1,0.05,+0.9,+0.9
Ruben Vargas,FW,Switzerland,24-128,1998,3.2,0,3,1,33.3,0.95,0.32,0.00,0.00,17.0,0,0,0,0.3,0.3,0.11,-0.3,-0.3
Rubin Colwill,MF,Wales,20-228,2002,0.1,0,1,0,0.0,9.00,0.00,0.00,,25.1,0,0,0,0.0,0.0,0.02,0.0,0.0
Ró-Ró,DF,Qatar,32-127,1990,2.9,0,2,0,0.0,0.69,0.00,0.00,,23.0,0,0,0,0.1,0.1,0.03,-0.1,-0.1
Rónald Matarrita,DF,Costa Rica,28-155,1994,0.3,0,0,0,,0.00,0.00,,,,0,0,0,0.0,0.0,,0.0,0.0
Rúben Dias,DF,Portugal,25-211,1997,4.0,0,1,0,0.0,0.25,0.00,0.00,,12.0,0,0,0,0.0,0.0,0.03,0.0,0.0
Rúben Neves,MF,Portugal,25-273,1997,3.0,0,2,0,0.0,0.67,0.00,0.00,,27.0,0,0,0,0.1,0.1,0.04,-0.1,-0.1
Saad Al Sheeb,GK,Qatar,32-295,1990,1.0,0,0,0,,0.00,0.00,,,,0,0,0,0.0,0.0,,0.0,0.0
Sadegh Moharrami,DF,IR Iran,26-285,1996,1.0,0,0,0,,0.00,0.00,,,,0,0,0,0.0,0.0,,0.0,0.0
Saeid Ezatolahi,MF,IR Iran,26-071,1996,2.4,0,3,1,33.3,1.24,0.41,0.00,0.00,29.4,0,0,0,0.1,0.1,0.03,-0.1,-0.1
Saleh Al-Shehri,FW,Saudi Arabia,29-040,1993,2.5,1,2,2,100.0,0.81,0.81,0.50,0.50,21.0,0,0,0,0.1,0.1,0.04,+0.9,+0.9
Salem Al-Dawsari,MF,Saudi Arabia,31-114,1991,3.0,2,6,4,66.7,2.00,1.33,0.33,0.50,21.6,0,0,1,1.8,1.0,0.16,+0.2,+1.0
Salis Abdul Samed,MF,Ghana,22-260,2000,2.8,0,1,0,0.0,0.36,0.00,0.00,,26.9,0,0,0,0.0,0.0,0.02,0.0,0.0
Salman Al-Faraj,MF,Saudi Arabia,33-132,1989,0.5,0,0,0,,0.00,0.00,,,,0,0,0,0.0,0.0,,0.0,0.0
Sam Adekugbe,DF,Canada,27-329,1995,1.1,0,0,0,,0.00,0.00,,,,0,0,0,0.0,0.0,,0.0,0.0
Saman Ghoddos,MF,IR Iran,29-096,1993,0.5,0,1,0,0.0,2.00,0.00,0.00,,6.4,0,0,0,0.2,0.2,0.18,-0.2,-0.2
Sami Al-Najei,MF,Saudi Arabia,25-307,1997,0.5,0,0,0,,0.00,0.00,,,,0,0,0,0.0,0.0,,0.0,0.0
Samuel Oum Gouet,MF,Cameroon,24-363,1997,1.1,0,0,0,,0.00,0.00,,,,0,0,0,0.0,0.0,,0.0,0.0
Sardar Azmoun,FW,IR Iran,27-344,1995,1.4,0,5,3,60.0,3.57,2.14,0.00,0.00,13.9,0,0,0,0.9,0.9,0.19,-0.9,-0.9
Saud Abdulhamid,DF,Saudi Arabia,23-146,1999,3.0,0,1,0,0.0,0.33,0.00,0.00,,34.6,0,0,0,0.0,0.0,0.02,0.0,0.0
Saša Lukić,MF,Serbia,26-120,1996,2.7,0,1,0,0.0,0.37,0.00,0.00,,16.1,0,0,0,0.1,0.1,0.06,-0.1,-0.1
Sebastian Szymański,MF,Poland,23-215,1999,1.5,0,0,0,,0.00,0.00,,,,0,0,0,0.0,0.0,,0.0,0.0
Sebastián Coates,DF,Uruguay,32-065,1990,2.0,0,1,0,0.0,0.50,0.00,0.00,,11.5,0,0,0,0.1,0.1,0.10,-0.1,-0.1
Selim Amallah,MF,Morocco,26-026,1996,3.6,0,2,0,0.0,0.55,0.00,0.00,,13.3,0,0,0,0.2,0.2,0.11,-0.2,-0.2
Serge Gnabry,FW,Germany,27-150,1995,2.9,1,12,4,33.3,4.11,1.37,0.08,0.25,15.6,0,0,0,1.1,1.1,0.09,-0.1,-0.1
Sergej Milinković-Savić,MF,Serbia,27-287,1995,2.6,1,3,1,33.3,1.16,0.39,0.33,1.00,23.9,0,0,0,0.2,0.2,0.06,+0.8,+0.8
Sergio Busquets,MF,Spain,34-148,1988,4.0,0,2,0,0.0,0.50,0.00,0.00,,20.9,0,0,0,0.1,0.1,0.07,-0.1,-0.1
Sergio Rochet,GK,Uruguay,29-263,1993,3.0,0,0,0,,0.00,0.00,,,,0,0,0,0.0,0.0,,0.0,0.0
Sergiño Dest,DF,United States,22-038,2000,3.4,0,6,0,0.0,1.77,0.00,0.00,,19.8,0,0,0,0.2,0.2,0.04,-0.2,-0.2
Shaquell Moore,DF,United States,26-039,1996,0.2,0,0,0,,0.00,0.00,,,,0,0,0,0.0,0.0,,0.0,0.0
Shogo Taniguchi,DF,Japan,31-149,1991,2.3,0,2,0,0.0,0.86,0.00,0.00,,8.0,0,0,0,0.2,0.2,0.12,-0.2,-0.2
Shūichi Gonda,GK,Japan,33-283,1989,4.3,0,0,0,,0.00,0.00,,,,0,0,0,0.0,0.0,,0.0,0.0
Silvan Widmer,DF,Switzerland,29-281,1993,2.9,0,1,0,0.0,0.34,0.00,0.00,,9.7,0,0,0,0.0,0.0,0.02,0.0,0.0
Simon Kjær,DF,Denmark,33-260,1989,0.7,0,0,0,,0.00,0.00,,,,0,0,0,0.0,0.0,,0.0,0.0
Sofiane Boufal,FW,Morocco,29-085,1993,3.9,0,5,1,20.0,1.30,0.26,0.00,0.00,22.7,0,0,0,0.2,0.2,0.03,-0.2,-0.2
Sofyan Amrabat,MF,Morocco,26-112,1996,5.3,0,0,0,,0.00,0.00,,,,0,0,0,0.0,0.0,,0.0,0.0
Son Heung-min,FW,Korea Republic,30-156,1992,4.0,0,9,3,33.3,2.25,0.75,0.00,0.00,18.8,0,0,0,0.4,0.4,0.05,-0.4,-0.4
Son Jun-ho,MF,Korea Republic,30-213,1992,0.8,0,0,0,,0.00,0.00,,,,0,0,0,0.0,0.0,,0.0,0.0
Sorba Thomas,MF,Wales,23-111,1999,0.0,0,0,0,,0.00,0.00,,,,0,0,0,0.0,0.0,,0.0,0.0
Srđan Babić,DF,Serbia,26-233,1996,0.1,0,0,0,,0.00,0.00,,,,0,0,0,0.0,0.0,,0.0,0.0
Stefan Mitrović,DF,Serbia,32-203,1990,0.4,0,0,0,,0.00,0.00,,,,0,0,0,0.0,0.0,,0.0,0.0
Stephen Eustáquio,MF,Canada,25-355,1996,1.4,0,3,0,0.0,2.16,0.00,0.00,,19.8,0,0,0,0.2,0.2,0.06,-0.2,-0.2
Steve Mandanda,GK,France,37-258,1985,1.0,0,0,0,,0.00,0.00,,,,0,0,0,0.0,0.0,,0.0,0.0
Steven Berghuis,MF,Netherlands,30-357,1991,2.2,0,5,0,0.0,2.25,0.00,0.00,,22.5,1,0,0,0.3,0.3,0.05,-0.3,-0.3
Steven Bergwijn,FW,Netherlands,25-064,1997,2.4,0,2,0,0.0,0.85,0.00,0.00,,15.5,0,0,0,0.5,0.5,0.25,-0.5,-0.5
Steven Vitória,DF,Canada,35-334,1987,3.0,0,0,0,,0.00,0.00,,,,0,0,0,0.0,0.0,,0.0,0.0
Strahinja Pavlović,DF,Serbia,21-201,2001,2.6,1,2,1,50.0,0.77,0.38,0.50,1.00,10.0,0,0,0,0.2,0.2,0.08,+0.8,+0.8
Sultan Al-Ghanam,DF,Saudi Arabia,28-219,1994,1.4,0,2,0,0.0,1.43,0.00,0.00,,7.6,0,0,0,0.2,0.2,0.08,-0.2,-0.2
Taha Yassine Khenissi,FW,Tunisia,30-339,1992,0.3,0,1,0,0.0,3.10,0.00,0.00,,23.3,0,0,0,0.0,0.0,0.02,0.0,0.0
Tajon Buchanan,MF,Canada,23-306,1999,2.9,0,5,0,0.0,1.73,0.00,0.00,,15.0,0,0,0,0.9,0.9,0.19,-0.9,-0.9
Takefusa Kubo,FW,Japan,21-190,2001,1.0,0,0,0,,0.00,0.00,,,,0,0,0,0.0,0.0,,0.0,0.0
Takehiro Tomiyasu,DF,Japan,24-036,1998,2.1,0,0,0,,0.00,0.00,,,,0,0,0,0.0,0.0,,0.0,0.0
Takuma Asano,FW,Japan,28-031,1994,1.8,1,8,2,25.0,4.36,1.09,0.13,0.50,13.2,0,0,0,0.7,0.7,0.08,+0.3,+0.3
Takumi Minamino,FW,Japan,27-329,1995,0.7,0,2,1,50.0,3.00,1.50,0.00,0.00,15.1,0,0,0,0.1,0.1,0.06,-0.1,-0.1
Tarek Salman,DF,Qatar,25-006,1997,0.1,0,0,0,,0.00,0.00,,,,0,0,0,0.0,0.0,,0.0,0.0
Tariq Lamptey,DF,Ghana,22-072,2000,1.1,0,1,0,0.0,0.88,0.00,0.00,,15.8,0,0,0,0.1,0.1,0.06,-0.1,-0.1
Teun Koopmeiners,MF,Netherlands,24-286,1998,2.4,0,2,1,50.0,0.82,0.41,0.00,0.00,27.6,0,0,0,0.1,0.1,0.04,-0.1,-0.1
Theo Hernández,DF,France,25-066,1997,3.9,0,4,1,25.0,1.03,0.26,0.00,0.00,19.4,0,0,0,0.3,0.3,0.07,-0.3,-0.3
Thiago Almada,MF,Argentina,21-229,2001,0.1,0,0,0,,0.00,0.00,,,,0,0,0,0.0,0.0,,0.0,0.0
Thiago Silva,DF,Brazil,38-080,1984,4.3,0,2,0,0.0,0.46,0.00,0.00,,8.0,0,0,0,0.2,0.2,0.08,-0.2,-0.2
Thibaut Courtois,GK,Belgium,30-214,1992,3.0,0,0,0,,0.00,0.00,,,,0,0,0,0.0,0.0,,0.0,0.0
Thilo Kehrer,DF,Germany,26-081,1996,0.8,0,0,0,,0.00,0.00,,,,0,0,0,0.0,0.0,,0.0,0.0
Thomas Delaney,MF,Denmark,31-099,1991,0.5,0,0,0,,0.00,0.00,,,,0,0,0,0.0,0.0,,0.0,0.0
Thomas Meunier,DF,Belgium,31-090,1991,2.3,0,3,1,33.3,1.28,0.43,0.00,0.00,19.6,0,0,0,0.2,0.2,0.07,-0.2,-0.2
Thomas Müller,FW,Germany,33-089,1989,2.2,0,3,0,0.0,1.34,0.00,0.00,,11.3,0,0,0,0.3,0.3,0.10,-0.3,-0.3
Thomas Partey,MF,Ghana,29-181,1993,3.0,0,2,0,0.0,0.67,0.00,0.00,,16.8,0,0,0,0.2,0.2,0.10,-0.2,-0.2
Thorgan Hazard,FW,Belgium,29-257,1993,1.2,0,0,0,,0.00,0.00,,,,0,0,0,0.0,0.0,,0.0,0.0
Tim Ream,DF,United States,35-067,1987,4.0,0,1,0,0.0,0.25,0.00,0.00,,3.7,0,0,0,0.3,0.3,0.30,-0.3,-0.3
Timothy Castagne,DF,Belgium,27-006,1995,3.0,0,0,0,,0.00,0.00,,,,0,0,0,0.0,0.0,,0.0,0.0
Timothy Weah,FW,United States,22-292,2000,3.5,1,5,3,60.0,1.42,0.85,0.20,0.33,17.5,0,0,0,0.6,0.6,0.13,+0.4,+0.4
Toby Alderweireld,DF,Belgium,33-284,1989,3.0,0,0,0,,0.00,0.00,,,,0,0,0,0.0,0.0,,0.0,0.0
Trent Alexander-Arnold,DF,England,24-065,1998,0.4,0,0,0,,0.00,0.00,,,,0,0,0,0.0,0.0,,0.0,0.0
Tyler Adams,MF,United States,23-300,1999,4.0,0,1,0,0.0,0.25,0.00,0.00,,30.4,0,0,0,0.0,0.0,0.02,0.0,0.0
Unai Simón,GK,Spain,25-183,1997,4.3,0,0,0,,0.00,0.00,,,,0,0,0,0.0,0.0,,0.0,0.0
Uriel Antuna,FW,Mexico,25-112,1997,0.9,0,2,1,50.0,2.34,1.17,0.00,0.00,16.2,0,0,0,0.2,0.2,0.08,-0.2,-0.2
Vanja Milinković-Savić,GK,Serbia,25-294,1997,3.0,0,0,0,,0.00,0.00,,,,0,0,0,0.0,0.0,,0.0,0.0
Victor Nelsson,DF,Denmark,24-058,1998,1.0,0,0,0,,0.00,0.00,,,,0,0,0,0.0,0.0,,0.0,0.0
Vincent Aboubakar,FW,Cameroon,30-323,1992,1.6,2,6,3,50.0,3.80,1.90,0.33,0.67,17.8,0,0,0,0.6,0.6,0.10,+1.4,+1.4
Vincent Janssen,FW,Netherlands,28-179,1994,1.0,0,2,0,0.0,2.09,0.00,0.00,,21.0,0,0,0,0.1,0.1,0.04,-0.1,-0.1
Vinicius Júnior,FW,Brazil,22-152,2000,3.3,1,9,4,44.4,2.71,1.20,0.11,0.25,15.0,0,0,0,1.0,1.0,0.11,0.0,0.0
Virgil van Dijk,DF,Netherlands,31-156,1991,5.3,0,3,0,0.0,0.56,0.00,0.00,,10.6,0,0,0,0.2,0.2,0.06,-0.2,-0.2
Vitinha,MF,Portugal,22-301,2000,1.3,0,2,2,100.0,1.50,1.50,0.00,0.00,28.2,0,0,0,0.1,0.1,0.04,-0.1,-0.1
Wahbi Khazri,FW,Tunisia,31-306,1991,0.9,1,5,3,60.0,5.42,3.25,0.20,0.33,19.1,0,0,0,0.4,0.4,0.09,+0.6,+0.6
Wajdi Kechrida,DF,Tunisia,27-036,1995,1.2,0,0,0,,0.00,0.00,,,,0,0,0,0.0,0.0,,0.0,0.0
Walid Cheddira,FW,Morocco,24-323,1998,0.7,0,2,1,50.0,2.81,1.41,0.00,0.00,9.8,0,0,0,0.5,0.5,0.23,-0.5,-0.5
Walker Zimmerman,DF,United States,29-206,1993,3.1,0,1,0,0.0,0.32,0.00,0.00,,15.0,0,0,0,0.1,0.1,0.07,-0.1,-0.1
Wataru Endo,MF,Japan,29-305,1993,3.4,0,6,1,16.7,1.78,0.30,0.00,0.00,25.5,0,0,0,0.2,0.2,0.03,-0.2,-0.2
Wayne Hennessey,GK,Wales,35-321,1987,1.9,0,0,0,,0.00,0.00,,,,0,0,0,0.0,0.0,,0.0,0.0
Weston McKennie,MF,United States,24-105,1998,3.0,0,5,1,20.0,1.66,0.33,0.00,0.00,15.5,0,0,0,0.4,0.4,0.08,-0.4,-0.4
William Carvalho,MF,Portugal,30-248,1992,2.4,0,1,0,0.0,0.42,0.00,0.00,,15.8,0,0,0,0.1,0.1,0.07,-0.1,-0.1
William Saliba,DF,France,21-262,2001,0.3,0,0,0,,0.00,0.00,,,,0,0,0,0.0,0.0,,0.0,0.0
Wojciech Szczęsny,GK,Poland,32-237,1990,4.0,0,0,0,,0.00,0.00,,,,0,0,0,0.0,0.0,,0.0,0.0
Wout Weghorst,FW,Netherlands,30-126,1992,0.7,2,2,2,100.0,2.81,2.81,1.00,1.00,12.0,0,0,0,0.2,0.2,0.10,+1.8,+1.8
Wéverton,GK,Brazil,34-363,1987,0.1,0,0,0,,0.00,0.00,,,,0,0,0,0.0,0.0,,0.0,0.0
Xavi Simons,FW,Netherlands,19-234,2003,0.1,0,0,0,,0.00,0.00,,,,0,0,0,0.0,0.0,,0.0,0.0
Xherdan Shaqiri,FW,Switzerland,31-062,1991,2.5,1,4,2,50.0,1.57,0.79,0.25,0.50,21.9,1,0,0,0.3,0.3,0.08,+0.7,+0.7
Yahya Attiat Allah,DF,Morocco,27-284,1995,2.0,0,1,0,0.0,0.49,0.00,0.00,,15.1,0,0,0,0.1,0.1,0.08,-0.1,-0.1
Yahya Jabrane,MF,Morocco,31-176,1991,0.2,0,0,0,,0.00,0.00,,,,,0,0,,,,,
Yann Sommer,GK,Switzerland,33-359,1988,3.0,0,0,0,,0.00,0.00,,,,0,0,0,0.0,0.0,,0.0,0.0
Yannick Carrasco,FW,Belgium,29-098,1993,1.3,0,4,0,0.0,3.10,0.00,0.00,,13.9,0,0,0,0.3,0.3,0.07,-0.3,-0.3
Yasser Al-Shahrani,DF,Saudi Arabia,30-200,1992,1.0,0,0,0,,0.00,0.00,,,,0,0,0,0.0,0.0,,0.0,0.0
Yassine Bounou,GK,Morocco,31-250,1991,4.3,0,0,0,,0.00,0.00,,,,0,0,0,0.0,0.0,,0.0,0.0
Yassine Meriah,DF,Tunisia,29-162,1993,3.0,0,1,0,0.0,0.33,0.00,0.00,,9.3,0,0,0,0.1,0.1,0.07,-0.1,-0.1
Yeltsin Tejeda,MF,Costa Rica,30-269,1992,3.0,1,2,2,100.0,0.67,0.67,0.50,0.50,15.1,0,0,0,0.4,0.4,0.21,+0.6,+0.6
Youri Tielemans,MF,Belgium,25-218,1997,1.1,0,0,0,,0.00,0.00,,,,0,0,0,0.0,0.0,,0.0,0.0
Youssef En-Nesyri,FW,Morocco,25-193,1997,4.3,2,5,2,40.0,1.16,0.47,0.40,1.00,10.2,0,0,0,0.8,0.8,0.17,+1.2,+1.2
Youssef Msakni,MF,Tunisia,32-044,1990,1.9,0,9,2,22.2,4.79,1.07,0.00,0.00,16.0,0,0,0,0.5,0.5,0.06,-0.5,-0.5
Youssouf Fofana,MF,France,23-335,1999,1.2,0,1,0,0.0,0.80,0.00,0.00,,22.3,0,0,0,0.0,0.0,0.04,0.0,0.0
Youssouf Sabaly,DF,Senegal,29-281,1993,4.0,0,2,1,50.0,0.50,0.25,0.00,0.00,30.9,0,0,0,0.0,0.0,0.02,0.0,0.0
Youssoufa Moukoko,FW,Germany,18-021,2004,0.0,0,0,0,,0.00,0.00,,,,0,0,0,0.0,0.0,,0.0,0.0
Youstin Salas,DF,Costa Rica,26-177,1996,0.5,0,0,0,,0.00,0.00,,,,0,0,0,0.0,0.0,,0.0,0.0
Yuki Soma,FW,Japan,25-289,1997,0.9,0,3,0,0.0,3.33,0.00,0.00,,22.7,1,0,0,0.2,0.2,0.06,-0.2,-0.2
Yunus Musah,MF,United States,20-012,2002,3.8,0,4,1,25.0,1.05,0.26,0.00,0.00,22.9,1,0,0,0.3,0.3,0.08,-0.3,-0.3
Yuto Nagatomo,MF,Japan,36-090,1986,2.3,0,0,0,,0.00,0.00,,,,0,0,0,0.0,0.0,,0.0,0.0
Zakaria Aboukhlal,MF,Morocco,22-296,2000,0.6,1,2,2,100.0,3.33,3.33,0.50,0.50,15.3,0,0,0,1.0,1.0,0.48,0.0,0.0
Álvaro Morata,FW,Spain,30-049,1992,2.1,3,8,5,62.5,3.89,2.43,0.38,0.60,10.3,0,0,0,1.4,1.4,0.17,+1.6,+1.6
Álvaro Zamora,MF,Costa Rica,20-277,2002,0.3,0,0,0,,0.00,0.00,,,,0,0,0,0.0,0.0,,0.0,0.0
Ángel Di María,MF,Argentina,34-300,1988,2.5,0,4,2,50.0,1.60,0.80,0.00,0.00,24.7,0,0,0,0.1,0.1,0.04,-0.1,-0.1
Ángelo Preciado,DF,Ecuador,24-296,1998,2.9,0,4,0,0.0,1.36,0.00,0.00,,26.1,0,0,0,0.1,0.1,0.02,-0.1,-0.1
Éder Militão,DF,Brazil,24-327,1998,3.9,0,5,1,20.0,1.30,0.26,0.00,0.00,20.2,0,0,0,0.2,0.2,0.04,-0.2,-0.2
Óscar Duarte,DF,Costa Rica,33-191,1989,3.0,0,0,0,,0.00,0.00,,,,0,0,0,0.0,0.0,,0.0,0.0
İlkay Gündoğan,MF,Germany,32-048,1990,2.1,1,5,2,40.0,2.38,0.95,0.00,0.00,25.9,0,1,1,1.1,0.4,0.07,-0.1,-0.4
